연번,경도,위도,Station 스테이션/성명,업무건물,영업건물,주거건물,대중집합건물,기타건물,대전지하철역,사고량,타슈이용량,총이용승객,정류장개수,경제인구수,교통량,하천여부,sum,순위,cluster
1,127.3893852,36.37512113,무역전시관입구(택시승강장),0,0,0,0.004213768,0,0,0,0.004392713,0.000703418,0.00430625,0.000602551,0.002660672,0.15919,0.176069372,59,1
2,127.3916887,36.37501699,대전컨벤션센터,0.000938636,0,0,0.004213768,0,0,0,0.006119768,0.001816754,0.0051675,0.001342527,0.002660672,0.15919,0.181449625,56,1
3,127.3877834,36.36793207,한밭수목원1,0,0,0,0.005899275,0,0,0,0.03116,0,0,0,0,0,0.037059275,201,0
4,127.3795206,36.36798435,초원아파트(104동 버스정류장),0.011263636,0.004656534,0.001833359,0.000842754,0,0,0,0.006324094,0.011517348,0.0017225,0.013930036,0.013656518,0,0.06574678,148,4
5,127.3889145,36.36452489,둔산대공원 입구(버스정류장),0,0,0.000532266,0.003371014,0,0,0,0.005206484,0.000540244,0.0017225,0.00191865,0.003852095,0,0.017143254,250,0
6,127.3755067,36.36150724,백합네거리(농협),0.014079545,0.0055375,0.002188203,0.000842754,0,0,0,0.003895147,0.00340516,0.00689,0.015201208,0,0,0.052039517,167,4
7,127.3797876,36.36215763,정부청사 입구(대덕대로),0.012202273,0.004153125,0.000532266,0,0,0,0,0.002552602,0.0076989,0.00689,0.004067222,0.007120236,0,0.045216623,182,0
8,127.3903194,36.36128606,정부청사 입구(샘머리),0.002815909,0.000629261,0.002069922,0,0,0,0.074317895,0.008170682,0.005867225,0.00602875,0.017590271,0,0,0.117489915,84,4
9,127.3735828,36.3616216,(운영중지)황실아파트(성룡초등학교),0.004693182,0.001510227,0.003075313,0,0,0,0,0.000108346,0.005006978,0.00775125,0.020425962,0,0,0.042571257,190,4
10,127.3806992,36.37036001,만년동 KBS 부근(기업은행),0.004693182,0.002391193,0.000768828,0.002528261,0,0,0,0.005084006,0.011517348,0.0017225,0.004746413,0.016381791,0.15919,0.209023523,43,1
11,127.3713527,36.35890251,누리아파트(후문 버스정류장),0.001877273,0.000503409,0.006209766,0,0,0.19505,0,0.00322093,0.004738775,0.00689,0.019397925,0.010498315,0,0.248386394,23,4
12,127.381587,36.35797495,정부청사역 4번출구,0.02065,0.000125852,0,0,0,0.19505,0.063701053,0.005052798,0.021888067,0.00602875,0.00090647,0.009873946,0,0.323276936,10,6
13,127.3943619,36.35832669,삼천중학교(정문 맞은편),0.002815909,0.000503409,0.002661328,0,0,0,0,0.002775182,0.016055162,0.00689,0.02288638,0.006605805,0,0.061193176,151,4
14,127.3789164,36.3554342,둔산 하이마트,0.021588636,0.006166761,0.000768828,0.004213768,0,0,0.063701053,0.007233845,0.020284747,0.00689,0.005467889,0.009873946,0,0.146189474,77,6
15,127.3895027,36.35605057,둔산 홈플러스(법원 버스정류장),0.015018182,0.000251705,0.001301094,0,0,0,0.074317895,0.004952696,0.002267701,0.00602875,0.007262329,0.006605805,0,0.118006156,83,2
16,127.3944519,36.35412463,국화아파트(501동),0.001877273,0.000503409,0.003725859,0,0,0,0,0.003849807,0.003983013,0.003445,0.02573,0,0,0.043114361,187,4
17,127.3785428,36.35233826,타임월드,0.025343182,0.014724716,0.001064531,0.010113043,0,0,0.074317895,0.00995662,0.051506046,0.0086125,0.005816735,0.003268141,0,0.204723409,47,6
18,127.3848364,36.35016577,대전시청,0.022527273,0.004027273,0,0,0,0.19505,0,0.004373282,0.005352116,0.00602875,0.002283353,0,0,0.239642046,26,0
19,127.3886308,36.35158499,현대아이텔(시청역 6번출구),0.037545455,0.006040909,0.000827969,0.006742029,0,0.19505,0.074317895,0.007713746,0.012543032,0.00430625,0.005298752,0,0,0.350386036,7,2
20,127.3920335,36.35126995,크로바아파트(정문 맞은편),0.018772727,0.002894602,0.002543047,0.000842754,0,0,0,0.003486495,0.003780023,0.00602875,0.020159043,0,0,0.058507441,156,4
21,127.3588443,36.37339707,카이스트 학사식당,0.02065,0,0,0,0,0,0,0.002834654,0,0,2.11E-05,0,0,0.023505797,233,0
22,127.3638958,36.36885477,카이스트 창의학습관,0.018772727,0,0,0,0,0,0,0.002587343,0,0,0,0,0,0.021360071,239,0
23,127.3637352,36.36537028,카이스트 정문,0.007509091,0,0,0,0,0,0,0.002533171,0.000662006,0.0017225,0,0.001853865,0.15919,0.173470633,61,1
24,127.3694198,36.3775389,화폐박물관,0.010325,0,0.000118281,0,0,0,0,0.002191646,0,0,0,0.003268141,0,0.015903068,252,0
25,127.3662211,36.37510824,카이스트 후문,0.015018182,0,0,0,0,0,0,0.001923137,0.000509172,0.0017225,0,0,0,0.019172991,247,0
26,127.3784689,36.37819751,엑스포과학공원 주차장,0.002815909,0.000125852,0,0.001685507,0,0,0,0.001519196,0.000990196,0.003445,0.00029599,0.006536282,0,0.017413932,249,0
27,127.3843117,36.37735659,엑스포과학공원,0,0,0,0.005056522,0,0,0,0.001826568,0,0,0,0,0,0.00688309,262,0
28,127.3917054,36.37761383,스마트시티(201동),0.000938636,0,5.91E-05,0.002528261,0,0,0,0.001944924,0.001014757,0.003445,0.005097902,0,0,0.01502862,255,0
29,127.3719715,36.36683291,만년동주민센터,0.002815909,0.000503409,0.012360391,0,0,0,0,0.006227525,6.28E-05,0.0017225,0.005787664,0.010429463,0.15919,0.199099699,49,5
30,127.3610523,36.35149094,선사유적지공용주차장,0,0.002265341,0.004672109,0.006742029,0,0,0,0.007164362,0.002478427,0.00086125,0.003750089,0.005158098,0,0.033091705,207,0
31,127.3574348,36.36179992,대전광역시 유성구청,0.001877273,0.004908239,0.009107656,0.000842754,0,0,0,0.013682183,0.001480959,0.00258375,0.004957835,0.00845967,0.15919,0.207090318,44,1
32,127.3543375,36.35846159,홈플러스(유성점),0.001877273,0.004027273,0.002129063,0.002528261,0,0,0,0.00948143,0.004352794,0.00258375,0.001997933,0.00845967,0.15919,0.196627446,51,1
33,127.3618194,36.35819087,월평역 2번출구(육교밑),0.002815909,0.004782386,0.010527031,0.007584783,0,0.19505,0,0.009733452,0.003578586,0.00258375,0.00566874,0.019788977,0.15919,0.421303614,3,5
34,127.3658595,36.3576718,진달래아파트(107동),0.004693182,0.00440483,0.014903438,0.006742029,0,0.19505,0,0.003405825,0.003158495,0.0051675,0.01497393,0.006605805,0,0.259105032,18,4
35,127.3754149,36.35764378,갈마역 2번출구,0.004693182,0.002517045,0.001655937,0,0,0.19505,0,0.004810198,0.004040063,0.0086125,0.01255051,0.006605805,0,0.240535241,24,4
36,127.3985771,36.35577392,가람아파트(3동),0.000938636,0.000377557,0.002306484,0,0,0,0,0.002393028,0.010753986,0.0017225,0.023340937,0.006605805,0,0.048438933,173,4
37,127.3979866,36.35775141,수정타운아파트(13동),0,0.000251705,0.002306484,0,0,0,0,0.002479587,0.012411933,0.003445,0.018613023,0.006605805,0.15919,0.205303536,46,5
38,127.3546054,36.35437198,갑천역 1번출구,0.001877273,0.000503409,0.017564766,0.001685507,0,0.19505,0,0.002667425,0.000527754,0.00258375,0.005253825,0.011735466,0.15919,0.398639174,4,5
39,127.352015,36.35149539,패션월드,0,0.000503409,0.006032344,0.000842754,0,0,0,0.000882664,0.000639065,0.0017225,0.001239459,0.019244002,0.15919,0.190296197,53,1
40,127.3593091,36.35382001,월평타운,0.003754545,0.002265341,0.021941172,0.003371014,0,0,0,0.001121143,0.004157286,0.0017225,0.009408258,0.005158098,0,0.052899357,165,3
41,127.3631712,36.35366969,대전일보,0.004693182,0.005789205,0.021468047,0.008427536,0,0,0,0.002043848,0.004157286,0.0017225,0.009191551,0.010316195,0,0.06780935,146,3
42,127.3677425,36.35350751,갈마네거리,0.002815909,0.010445739,0.029156328,0.005899275,0.002094737,0,0.063701053,0.002630917,0.00592182,0.00430625,0.011691611,0.029098079,0,0.167761717,64,3
43,127.3742068,36.35409225,둔산여고,0.007509091,0.003146307,0.009758203,0.002528261,0,0,0,0.00542612,0.001440184,0.00430625,0.015727119,0.005158098,0,0.054999632,163,4
44,127.3829623,36.35446498,을지대학병원,0.030036364,0.002013636,0,0.011798551,0,0,0,0.0035548,0.002066517,0.0051675,0.002161785,0,0,0.056799153,158,0
45,127.3984212,36.35124975,청솔아파트(9동),0,0.000629261,0.020699219,0.000842754,0,0,0,0.004877914,0.00558992,0.0051675,0.018718734,0,0.15919,0.215715301,41,5
46,127.3772038,36.34705852,경성큰마을,0.007509091,0.00440483,0.008811953,0.000842754,0,0,0,0.005637512,0.012703169,0.00430625,0.019408496,0.01169438,0,0.075318434,127,4
47,127.3825863,36.34879652,오페라웨딩홀,0.016895455,0.005915057,0.001182813,0.000842754,0,0,0,0.002980097,0.000328493,0.0017225,0.008324723,0,0,0.038191889,197,2
48,127.3848681,36.3464501,대전종합고용지원센터(탄방역 4번출구),0.02065,0.00717358,0.001005391,0.002528261,0,0.19505,0,0.004219007,0.006030256,0.00947375,0.005203612,0,0,0.251333856,21,0
49,127.3898359,36.3474232,한국농어촌공사,0.021588636,0.006544318,0.005559219,0.004213768,0,0,0.074317895,0.004406845,0.005785966,0.00602875,0.012143524,0,0,0.140588921,78,4
50,127.3933793,36.34707504,한가람아파트,0.001877273,0.002642898,0.020876641,0.005899275,0,0,0,0.003465886,0.003340139,0.0051675,0.018536382,0,0,0.061805994,150,4
51,127.3986132,36.34890444,남선공원종합체육관,0,0.00113267,0.033000469,0.002528261,0,0,0,0.004356205,0.004411087,0.003445,0.009854886,0,0.15919,0.217918578,39,5
52,127.3811437,36.34356854,유승기업사,0.008447727,0.008557955,0.019161563,0.002528261,0,0,0,0.001384352,0.006608783,0.003445,0.009907741,0.010316195,0,0.070357577,136,3
53,127.3833495,36.34340231,탄방지하차도,0.014079545,0.00717358,0.014607734,0.004213768,0,0.19505,0,0.001422627,0.007484433,0.00430625,0.011556829,0.010316195,0,0.270210962,16,2
54,127.338703,36.36480356,궁동네거리,0.001877273,0.004530682,0.006682891,0,0.001047368,0,0,0.002904726,0.001574029,0.003445,0.007198903,0.00960295,0,0.038863821,195,2
55,127.3440513,36.36253674,충대정문오거리1(정문),0.014079545,0.00440483,0.004612969,0,0,0,0,0.005775299,0.017156199,0.0051675,0.003977368,0.015065475,0,0.070239184,137,2
56,127.3450501,36.36182478,충대정문오거리2(건너편),0.013140909,0.005663352,0.005559219,0,0.001047368,0,0,0.009441978,0.0188627,0.00602875,0.004608989,0.015065475,0,0.07941874,122,2
57,127.3418996,36.35660058,한진오피스텔,0.011263636,0.009690625,0.001596797,0.029496377,0.001047368,0,0.074317895,0.006854635,0.02601156,0.00430625,0.010280372,0.011123193,0,0.185988708,54,6
58,127.3311435,36.35642583,구암역 3번출구,0.000938636,0.012459375,0.009225938,0,0.004189474,0.19505,0,0.002130407,0.00220119,0.003445,0.002981044,0.02708961,0,0.259710673,17,0
59,127.341248,36.35431465,유성온천역 6번출구,0.010325,0.010571591,0.001360234,0.020226087,0,0.19505,0.191103158,0.005593349,0.029682659,0.010335,0.008573143,0.008876658,0,0.491696879,2,6
60,127.3486959,36.35124465,유성온천역 3번출구,0.000938636,0.001887784,5.91E-05,0.019383333,0,0,0,0.005310119,0.002999997,0.00258375,0.0038558,0.01955769,0.15919,0.21576625,40,1
61,127.3486959,36.35124465,만년교(코젤병원),0.000938636,0.001887784,5.91E-05,0.019383333,0,0,0,0.002946533,0.002999997,0.00258375,0.0038558,0.01955769,0.15919,0.213402664,42,1
62,127.3422972,36.35039508,도안휴먼시아1단지,0.001877273,0.003649716,0.002424766,0,0,0,0.042467368,0.00143617,0.00339675,0.00602875,0.007201546,0.006079829,0,0.074562168,128,2
63,127.3363975,36.347651,상대초등학교,0.002815909,0.00276875,0.006328047,0,0,0,0.053084211,0.001811258,0.000175769,0.003445,0.009461113,0.002350439,0,0.082240497,118,2
64,127.3335173,36.34724494,유성생명과학고등학교,0.004693182,0.004153125,0.006919453,0.002528261,0.001047368,0,0.053084211,0.001196514,0.000404582,0.003445,0.007846381,0.002350439,0,0.087668516,113,2
65,127.3484913,36.35033664,도안 센트롤시티,0.000938636,0.000503409,5.91E-05,0.008427536,0,0,0,0.000224935,0.00323174,0.00430625,0.005859019,0.024258568,0.15919,0.206999235,45,1
66,127.3974764,36.48786699,도안 휴먼시아6단지,0,0,0.00094625,0,0,0,0,0.0034335,0,0,0.000150638,0,0.15919,0.163720388,66,1
67,127.4001877,36.47801527,도안 한라비발디,0,0,0.000118281,0,0,0,0,0.001656394,0,0,0,0,0.15919,0.160964676,72,1
68,127.3488577,36.34165177,도안 신안인스빌리베라,0,0,0,0,0,0,0,0.004393891,0.001304361,0.0017225,0.003242678,0.00799238,0.15919,0.17784581,58,1
69,127.4013065,36.48389641,도안 트리풀시티9단지(504동 맞은편),0,0,0,0,0,0,0,0.001884863,0,0,0,0,0.15919,0.161074863,71,1
70,127.3517406,36.34129093,도안 휴먼시아10단지,0,0,0,0,0.002094737,0,0,0.005474993,0,0,2.11E-05,0.011905622,0.15919,0.178686494,57,1
71,127.4290326,36.37247619,대전지방국세청,0.001877273,0.001887784,0.002720469,0,0,0,0.042467368,0.001170016,0.008872211,0.00689,0.013739757,0.005370069,0,0.084994947,116,4
72,127.4294439,36.36981585,대덕경찰서(법동),0.010325,0.00276875,0.002188203,0,0,0,0.042467368,0.000710725,0.00586848,0.00602875,0.015069069,0.008055103,0,0.093481448,107,4
73,127.4284976,36.36857167,대전중앙병원,0.005631818,0.003146307,0.00662375,0,0,0,0.042467368,0.000671273,0.00631665,0.00602875,0.015803759,0.008055103,0,0.094744778,104,4
74,127.4260109,36.3663983,(공사중)중리시장,0.003754545,0.011955966,0.01797875,0.002528261,0.001047368,0,0,0.000350946,0.002642861,0.00430625,0.011781465,0.002685034,0,0.059031447,155,3
75,127.4304811,36.3668679,보람아파트,0.003754545,0.004153125,0.01987125,0,0,0,0,0.000511698,0.003699785,0.00258375,0.00969632,0.005370069,0,0.049640542,172,3
76,127.4364651,36.36730143,선비마을입구,0.009386364,0.003649716,0.006742031,0.003371014,0,0,0,0.000767842,0.004781009,0.0051675,0.013961749,0,0,0.047827226,174,4
77,127.4411249,36.36838789,선비마을3단지,0.000938636,0.000503409,0.002365625,0,0,0,0,0.00063712,0.002008323,0.003445,0.02310573,0,0,0.033003844,208,4
78,127.4315268,36.36313653,중리동(하나로병원),0.003754545,0.002265341,0.037199453,0.000842754,0,0,0,0.000872065,0.002901807,0.003445,0.00628979,0.002685034,0,0.06025579,153,3
79,127.4347898,36.36225181,수도시설관리사업소,0.001877273,0.002265341,0.020580938,0.001685507,0,0,0,0.000822603,0.000587048,0.003445,0.004437209,0,0,0.035700919,203,3
80,127.4411072,36.3635499,송촌소방서,0.000938636,0.003775568,0.013720625,0,0,0,0,0.000628876,0.001579903,0.00258375,0.004553491,0,0,0.02778085,225,2
81,127.4410948,36.36480928,동춘당공원,0.000938636,0.004027273,0.010586172,0.000842754,0,0,0,0.001780639,0.003633305,0.00258375,0.008057803,0,0,0.032450331,210,2
82,127.4463403,36.36715627,선비마을5단지,0,0.000503409,0.002897891,0,0,0,0,0.000790806,0.001464968,0.0017225,0.014046318,0,0,0.021425892,238,4
83,127.3985006,36.33017454,유평초등학교,0,0.013466193,0.022532578,0.005899275,0.008378947,0,0,0.001798893,0.001261638,0.0051675,0.010674144,0.005158098,0.15919,0.233527267,32,5
84,127.3969705,36.32346611,강남한의원,0.003754545,0.017493466,0.012123828,0.002528261,0,0,0,0.001526262,0.004734193,0.00689,0.014958073,0.006530875,0,0.070539503,135,4
85,127.39657,36.32607466,태평1동주민센터,0.003754545,0.024163636,0.030812266,0.002528261,0.001047368,0,0.053084211,0.000975112,0.002309125,0.0051675,0.009778246,0.032654374,0,0.166274644,65,3
86,127.3969705,36.32346611,삼부프라자,0.003754545,0.017493466,0.012123828,0.002528261,0,0,0,0.002183402,0.004734193,0.00689,0.014958073,0.006530875,0,0.071196644,133,4
87,127.3984692,36.32253597,쌍용예가아파트,0.001877273,0.013592045,0.011414141,0.003371014,0,0,0,0.001569247,0.001762833,0.003445,0.018124111,0,0,0.055155664,162,4
88,127.3954363,36.32159338,태평초등학교,0.001877273,0.016360795,0.018392734,0.007584783,0,0,0,0.000860878,0.004291446,0.00689,0.013005067,0,0,0.069262975,139,3
89,127.392131,36.31947462,버드내초등학교,0.005631818,0.016360795,0.011355,0.005899275,0,0,0,0.002464277,0.004886125,0.003445,0.017941759,0.008081823,0,0.076065873,125,4
90,127.3877922,36.31571033,유등교,0,0.006544318,0.008220547,0.032024638,0,0,0,0.002984807,0.003989494,0.0051675,0.010417796,0.008081823,0.15919,0.236620923,28,5
91,127.3925554,36.31687611,버드내네거리,0.005631818,0.022905114,0.014785156,0.056464493,0.006284211,0,0,0.000598257,0.005317439,0.0051675,0.00621315,0.016163647,0,0.139530784,79,2
92,127.3947173,36.31804781,서대전농협,0.009386364,0.027939205,0.024779922,0.026125362,0.002094737,0,0,0.00070778,0.006498665,0.00430625,0.00483891,0.008081823,0,0.114759018,86,3
93,127.4006933,36.31898024,서대전육교,0.002815909,0.012081818,0.023005703,0.007584783,0.009426316,0,0,0.001178849,0.004193646,0.0017225,0.011083774,0.008081823,0,0.08117512,119,3
94,127.4539451,36.31709479,미리내아파트,0,0.004908239,0.005026953,0.000842754,0.004189474,0,0,0.000719557,0.002620458,0.00430625,0.002153857,0,0,0.024767541,231,0
95,127.4590584,36.31688808,판암역 2번출구,0.000938636,0.006418466,0.004553828,0.001685507,0,0.19505,0,0.001333124,0.009556769,0.00602875,0.010179947,0,0,0.235745027,29,2
96,127.4586627,36.31768775,판암역 4번출구,0.001877273,0.006166761,0.002720469,0.003371014,0.001047368,0.19505,0,0.001263641,0.010657812,0.00775125,0.009939455,0,0,0.239845044,25,2
97,127.4556315,36.31044731,가오고등학교,0.005631818,0.002013636,0.008102266,0.002528261,0,0,0,0.001078747,0.002085946,0.0051675,0.004867981,0,0,0.031476154,215,2
98,127.452866,36.30609303,은어송마을입구,0,0.013088636,0.009166797,0.000842754,0.005236842,0,0,0.001957289,0.002570222,0.00602875,0.004579919,0.01706352,0,0.06053473,152,2
99,127.4569641,36.30627193,홈플러스 가오점(건너편),0,0.006166761,0.005322656,0,0,0,0,0.000800228,0.002923295,0.00430625,0.007753885,0.003312704,0,0.030585779,218,2
100,127.4570659,36.30740007,홈플러스 가오점,0,0.006418466,0.006150625,0,0,0,0,0.001175905,0.003422517,0.0051675,0.007595318,0.002208469,0,0.032138801,213,2
101,127.4618364,36.30986522,은어송마을4단지,0.000938636,0.001006818,0.002188203,0,0.001047368,0,0,0.000223758,0.001153678,0.00258375,0.006709991,0,0,0.015852203,253,2
102,127.4577541,36.30373888,은어송마을2단지,0.000938636,0.003272159,0.00283875,0,0.003142105,0,0,0.000600023,0.003009791,0.00689,0.01055522,0.006625408,0,0.037872094,200,2
103,127.459359,36.30412568,대전남부여성가족원,0.000938636,0.000503409,0.001833359,0,0,0,0,0.000400997,0.002119381,0.0051675,0.008327365,0.001104235,0,0.020394883,244,2
104,127.3780548,36.37515731,국립중앙과학관,0,0,0,0,0,0,0,0.001210646,0.000955326,0.003445,0,0.007782678,0.15919,0.17258365,63,1
105,127.3638958,36.36885477,카이스트 서쪽 쪽문,0.018772727,0,0,0,0,0,0,0.004315576,0,0,0,0,0,0.023088303,234,0
106,127.3638958,36.36885477,카이스트 다솜관,0.018772727,0,0,0,0,0,0,0.001468556,0,0,0,0,0,0.020241283,245,0
107,127.3638958,36.36885477,카이스트 세종관,0.018772727,0,0,0,0,0,0,0.002463099,0,0,0,0,0,0.021235826,240,0
108,127.3375506,36.33164622,목원대학교 입구,0.005631818,0.005285795,0.001419375,0,0,0,0,0.006329982,0.005638257,0.00602875,0.001268529,0.006530875,0,0.038133382,198,0
109,127.3879368,36.34239229,서부농협본점,0.009386364,0.013717898,0.012596953,0.004213768,0.002094737,0,0,0.004048244,0.004948035,0.00258375,0.010298871,0.010316195,0,0.074204816,129,2
110,127.3920897,36.33774157,용문네거리(용문역 3번출구),0.013140909,0.021898295,0.018215313,0.025282609,0.003142105,0.19505,0,0.005448495,0.020162107,0.00602875,0.009402972,0.025790488,0,0.343562044,8,3
111,127.3968718,36.33586534,순복음교회(수침교),0.002815909,0.009061364,0.018451875,0.003371014,0.008378947,0,0,0.002943,0.002820449,0.0017225,0.004194075,0.025790488,0.15919,0.238739621,27,5
112,127.3853714,36.33185912,나르메아파트 길건너,0.005631818,0.011452557,0.021586328,0.002528261,0.002094737,0,0.053084211,0.003597785,0.006965498,0.00689,0.017540059,0.005723155,0,0.137094408,80,4
113,127.3880936,36.32861593,가장교(성은사),0.004693182,0.007676989,0.021645469,0.002528261,0.008378947,0,0,0.002485475,0.001046096,0.003445,0.003876942,0.018784905,0.15919,0.233751265,31,5
114,127.3968706,36.32971015,태평동성당,0.000938636,0.013717898,0.031581094,0.006742029,0.003142105,0,0,0.000326215,0.001261638,0.0051675,0.008028733,0,0.15919,0.230095848,34,5
115,127.4341009,36.35724301,한전 대전세종충남지역본부(건너편),0.002815909,0.01497642,0.016677656,0.005056522,0.005236842,0,0,0.001121732,0.005971833,0.0051675,0.007003338,0.05306,0,0.117087752,85,3
116,127.4365121,36.35513468,홈플러스(동대전점),0.004693182,0.010194034,0.014962578,0.019383333,0.007331579,0,0,0.00107698,0.002671417,0.00258375,0.006807773,0.015896644,0,0.085601271,114,2
117,127.4400819,36.35071589,동부네거리,0.005631818,0.011326705,0.010586172,0.05815,0.005236842,0,0.169869474,0.002023828,0.007312151,0.003445,0.002555558,0.032804234,0,0.308941781,13,2
118,127.4348223,36.34883879,복합터미널,0.005631818,0.012459375,0.023301406,0.010113043,0.003142105,0,0,0.002607953,0.035375004,0.003445,0.006107439,0.019956047,0,0.122139191,81,6
119,127.4326996,36.34938521,용전동 천주교회,0.006570455,0.01220767,0.027086406,0.006742029,0.007331579,0,0,0.00055645,0.016639582,0.00258375,0.008729066,0.023221484,0,0.111668471,88,3
120,127.4322162,36.35296429,한국통신 용전지점,0.001877273,0.010068182,0.034656406,0.005056522,0.006284211,0,0.063701053,0.001392596,0.003081373,0.003445,0.013863967,0.018795241,0,0.162221822,68,3
121,127.433193,36.35786592,용전네거리(하나은행),0.001877273,0.013340341,0.017269063,0.007584783,0.003142105,0,0,0.001575724,0.007490506,0.0051675,0.006258077,0.043769161,0,0.107474532,91,3
122,127.4235985,36.35852073,한남대후문 입구,0.008447727,0.00943892,0.020166953,0.028653623,0.004189474,0,0,0.005407277,0.00698249,0.00602875,0.005954159,0.006605805,0,0.101875178,96,3
123,127.405946,36.44679856,구)대덕경찰서(문평동),0.000938636,0.002265341,0,0,0.033515789,0,0,0.000179595,0.000515615,0.00258375,0,0.003268141,0,0.043266868,186,0
124,127.4131945,36.44827215,목상동주민센터,0,0.004782386,0.010349609,0.003371014,0.003142105,0,0,0.000943903,0.002770028,0.00258375,0.009624965,0.003268141,0,0.040835903,192,2
125,127.4267654,36.443988,엑슬루타워,0.001877273,0.017996875,0.012182969,0.003371014,0.014663158,0,0,0.000899741,0.002508504,0.00602875,0.006897627,0.005868904,0,0.072294815,132,2
126,127.4291434,36.45164731,신탄진동주민센터,0.001877273,0.019884659,0.013484063,0.031181884,0.006284211,0,0,0.000506399,0.008216011,0.0051675,0.00296783,0.006202593,0,0.095772422,102,2
127,127.4290338,36.44845573,신탄진역,0.001877273,0.023030966,0.016736797,0.026968116,0.005236842,0,0,0.000379799,0.008140002,0.00258375,0.003686663,0.006202593,0,0.094842801,103,2
128,127.4259372,36.43186487,과선교버스정류장,0,0.002894602,0.000236563,0,0.045036842,0,0,6.95E-05,0.001944619,0.00258375,0.000385844,0.002934452,0,0.056086155,160,0
129,127.4360213,36.44832273,신탄진고네거리,0.008447727,0.003523864,0.016559375,0.007584783,0.005236842,0,0,7.12E-05,0.001675137,0.00430625,0.00633736,0,0,0.053742587,164,2
130,127.4365083,36.45392537,용정초등학교,0.003754545,0.002391193,0.006328047,0,0.003142105,0,0,0.000900918,0.00039172,0.003445,0.002925545,0,0.15919,0.182469075,55,1
131,127.4444181,36.44876257,에코공원,0,0.000880966,0,0,0,0,0,0.000708369,4.48E-06,0.0017225,0,0,0.15919,0.162506318,67,1
132,127.4566956,36.449494,삼정삼거리,0,0.000251705,0,0,0,0,0,0.000921528,8.70E-06,0.0017225,0,0,0.15919,0.162094433,69,1
133,127.4058257,36.32836534,오룡역 7번출구,0.015956818,0.014221307,0.020285234,0.010113043,0.003142105,0.19505,0.20172,0.002524927,0.006733599,0.00947375,0.005523387,0.03369414,0,0.518438312,1,3
134,127.4077718,36.32591348,중도일보,0.007509091,0.009564773,0.014252891,0.003371014,0.005236842,0,0.063701053,0.001294849,0.002843093,0.00430625,0.01008745,0.025790488,0,0.147957794,76,2
135,127.4059384,36.32104442,서대전역네거리,0.001877273,0.012585227,0.0056775,0.008427536,0.002094737,0,0,0.002101554,0.011778421,0.003445,0.009894528,0.032327293,0,0.090209069,110,2
136,127.4213773,36.32547931,대전광역시 중구청역 1번출구(대전광역시 중구청의회),0.0413,0.020639773,0.006209766,0.010955797,0.005236842,0.19505,0,0.00152214,0.013118418,0.0086125,0.003734233,0.005197548,0,0.311577016,11,2
137,127.411517,36.31868609,센트럴파크(302동),0.006570455,0.00390142,0.004258125,0.000842754,0,0,0,0.000857345,0.003373228,0.0017225,0.011747109,0.003468995,0,0.03674193,202,4
138,127.4066224,36.31628004,센트럴파크(105동),0.005631818,0.004530682,0.011295859,0.002528261,0,0,0,0.000685405,0.006822705,0.00602875,0.009807316,0.005203493,0,0.05253429,166,2
139,127.4110994,36.32267373,서대전네거리역 3번출구,0.012202273,0.024415341,0.008043125,0.003371014,0.001047368,0.19505,0,0.003803289,0.018040061,0.00602875,0.006844772,0.047801586,0,0.32664758,9,2
140,127.420374,36.32674164,대전시민대학 정문,0.033790909,0.019003693,0.012596953,0.013484058,0,0.19505,0,0.001725288,0.007907566,0.0051675,0.006128582,0.003465032,0,0.298319581,14,2
141,127.4191124,36.33067917,대전세무서,0.017834091,0.02215,0.022769141,0.019383333,0.001047368,0,0,0.001097001,0.004986355,0.00775125,0.00663335,0.007027736,0,0.110679625,89,3
142,127.4222919,36.332047,선화참좋은아파트(유안타증권),0.029097727,0.020010511,0.010586172,0.019383333,0.002094737,0,0,0.002043848,0.00281395,0.0051675,0.007124906,0.008624861,0,0.106947545,92,2
143,127.4260293,36.32777511,중앙로역 3번출구,0.026281818,0.0443,0.002779609,0.015169565,0,0.19505,0,0.005000392,0.047863206,0.01378,0.002288638,0.007125408,0,0.359638636,6,6
144,127.4064249,36.37923744,타슈 관제센터,0,0.001384375,0.001123672,0,0,0,0,0.003113174,0.000284243,0.00258375,0.000177066,0.005321343,0.15919,0.173177622,62,1
145,127.3486079,36.34914905,도안 호반베르디움(201동),0,0,0,0,0,0,0,0.001334301,0.001241764,0.00602875,0.005967373,0.024258568,0.15919,0.198020756,50,1
146,127.3529503,36.30300696,도안 호반베르디움(101동),0.000938636,0.002139489,0.013365781,0.002528261,0,0,0,0.000956269,0.012045726,0.00602875,0.010750785,0.01074595,0,0.059499647,154,2
147,127.3440635,36.31517337,도안 계룡리슈빌(1704동),0,0,0,0.000842754,0,0,0,0.001023985,3.64E-05,0.003445,0.00498162,0,0,0.01032973,260,0
148,127.3446819,36.3481628,도안 금성백조(701동),0,0,0.000473125,0,0,0,0,0.001924315,0.000450601,0.00430625,0.013282558,0.005014566,0,0.025451414,229,4
149,127.338903,36.34552398,도안 트리풀시티5단지(509동),0,0.001258523,0.006209766,0,0,0,0,0.001621653,0.003680399,0.00258375,0.012484441,0.005594085,0,0.033432617,206,4
150,127.3513683,36.30469318,도안 우미린(1806동),0.001877273,0.00276875,0.006446328,0.000842754,0,0,0,0.002732197,0.013401275,0.0051675,0.007616461,0.01074595,0,0.051598487,170,2
151,127.447843,36.33697833,우송대 정문(건너편),0.017834091,0.009313068,0.023360547,0,0,0,0,0.003714964,0.006299367,0.003445,0.005906589,0,0,0.069873625,138,3
152,127.4318751,36.3323869,대전역(대한통운 맞은편),0.002815909,0.030204545,0.0056775,0.028653623,0.006284211,0.19505,0.053084211,0.004343251,0.05154,0.0120575,0.001371597,0.002208469,0,0.393290816,5,6
153,127.4424076,36.32967211,대동역 4번출구,0.003754545,0.015731534,0.023005703,0.006742029,0.006284211,0.19505,0,0.003975229,0.014220741,0.00689,0.007008624,0.008055103,0,0.290717719,15,3
154,127.4154155,36.34987449,한남오거리,0.005631818,0.023030966,0.017683047,0.005056522,0.036657895,0,0,0.002635039,0.004883045,0.0051675,0.003377459,0.001104235,0,0.105227526,93,3
155,127.4112282,36.35860845,오정동 운암빌딩,0.002815909,0.017619318,0.011414141,0.001685507,0.021994737,0,0.074317895,0.00276105,0.006447551,0.00258375,0.00571631,0.006605805,0,0.153961972,75,2
156,127.4149132,36.33599349,중촌네거리(목동우체국 방면),0.010325,0.022275852,0.026376719,0.014326812,0.004189474,0,0,0.0013502,0.005269386,0.0051675,0.005769165,0.010093579,0,0.105143686,94,3
157,127.4110782,36.3404982,중촌초등학교(건너편),0.000938636,0.005159943,0.020521797,0,0,0,0,0.002531404,0.00674849,0.00430625,0.010343798,0.005344056,0,0.055894374,161,3
158,127.3682083,36.3839662,전자통신연구원,0.006570455,0,0,0,0,0,0,0.001055193,0.00082103,0.00258375,0,0.002266212,0,0.01329664,257,0
159,127.3768531,36.38538863,연구단지네거리,0.002815909,0.004278977,0.0056775,0.002528261,0,0,0,0.002814634,0.00266631,0.003445,0.006361145,0.01233299,0,0.042920726,188,2
160,127.3537413,36.38540912,연구단지운동장(건너편),0.004693182,0.00113267,0.002957031,0,0,0,0,0.003077255,0.001623584,0.003445,0.005319894,0.002266212,0,0.024514829,232,0
161,127.3491091,36.3848179,연구단지 KT_G(건너편),0.011263636,0.001887784,0.004908672,0.000842754,0,0,0,0.001805959,0.002292732,0.00602875,0.010357012,0.002266212,0,0.041653511,191,2
162,127.3868747,36.43172001,송강체육관,0.003754545,0.001761932,0.008634531,0,0.012568421,0,0,0.0012289,0.003358201,0.003445,0.013242916,0.003652663,0,0.051647109,169,4
163,127.3822896,36.4321702,송강초등학교,0,0,0.003607578,0,0,0,0,0.001456779,0.003499108,0.003445,0.017561201,0.000384521,0,0.029954187,219,4
164,127.3921413,36.42899221,롯데마트(관평점),0.007509091,0.002517045,0,0,0.057605263,0,0,0.002016762,0.001058772,0.00258375,0.000684477,0,0,0.073975161,130,0
165,127.3877885,36.4219161,배울네거리,0.012202273,0.001510227,0.004258125,0,0,0,0,0.002294103,0.009713202,0.0051675,0.012402515,0,0,0.047547946,175,4
166,127.4379807,36.32196956,인동네거리,0.007509091,0.012585227,0.008338828,0.002528261,0.016757895,0,0,0.001724111,0.004356015,0.00602875,0.007259687,0.031407145,0,0.09849501,99,2
167,127.4346135,36.32705794,원동네거리,0.002815909,0.01774517,0.005381797,0.010955797,0.020947368,0,0,0.001859543,0.027664127,0.00602875,0.002418134,0.006625408,0,0.102442004,95,6
168,127.4354359,36.34098098,성남네거리,0.003754545,0.008432102,0.017091641,0.007584783,0.002094737,0,0.074317895,0.001270707,0.007140581,0.0051675,0.010618646,0.024095831,0,0.161568968,70,3
169,127.429812,36.33595351,삼성네거리,0.007509091,0.02328267,0.010527031,0.019383333,0.027231579,0,0,0.000796106,0.00655582,0.0051675,0.002428705,0.009701204,0,0.11258304,87,0
170,127.4246745,36.3222077,대전고오거리,0.015956818,0.011704261,0.010290469,0.011798551,0.006284211,0,0,0.00137552,0.005951581,0.00689,0.007645531,0.015592644,0,0.093489586,106,2
171,127.4284988,36.32366253,대흥네거리,0.007509091,0.016360795,0.009166797,0.028653623,0.005236842,0,0.053084211,0.00188133,0.003909242,0.0051675,0.013129277,0.010688112,0,0.15478682,74,4
172,127.4338704,36.31343849,부사네거리,0.002815909,0.020262216,0.027322969,0.008427536,0.011521053,0,0,0.001681126,0.009859754,0.0051675,0.004899694,0.008711416,0,0.100669172,97,3
173,127.3769153,36.35818314,무지개아파트,0.013140909,0.002894602,0.001301094,0,0,0,0.063701053,0.002768116,0.013116074,0.0086125,0.006485355,0.009873946,0,0.121893649,82,2
174,127.3529957,36.30471521,가수원네거리(전통시장 입구),0,0.002265341,0.005500078,0,0,0,0,0.004037057,0.013401275,0.0051675,0.005930374,0.01074595,0,0.047047575,177,2
175,127.3389221,36.3033914,건양대네거리,0.000938636,0.001258523,0.005204375,0,0,0,0,0.001883685,0.006047217,0.00602875,0.012484441,0.004040912,0,0.037886539,199,4
176,127.3352506,36.2992273,관저2동주민센터,0.001877273,0.002391193,0.00851625,0.000842754,0,0,0,0.001897228,0.002652063,0.00602875,0.006786631,0.011811213,0,0.042803355,189,2
177,127.3373255,36.30380243,관저1동주민센터,0.001877273,0.001761932,0.004139844,0,0,0,0,0.001261875,0.003456657,0.0051675,0.012899356,0.007770302,0,0.038334738,196,4
178,127.3184187,36.37446586,노은역 3번출구,0.008447727,0.009187216,0.010941016,0.002528261,0,0.19505,0,0.005516211,0.003572155,0.003445,0.01345698,0,0,0.252144566,19,4
179,127.3148534,36.39122773,반석역 1번출구,0.001877273,0.00440483,0.006209766,0.001685507,0,0.19505,0,0.004574075,0.005858135,0.0051675,0.003123753,0.006474915,0,0.234425752,30,0
180,127.4018064,36.39937451,전민동주민센터(건너편),0.008447727,0.009564773,0.016855078,0.004213768,0,0,0,0.002477231,0.001258132,0.003445,0.014559015,0.008318489,0,0.069139213,140,4
181,127.4045795,36.39698253,(공사중)엑스포아파트4단지(건너편),0.008447727,0.008683807,0.016381953,0.002528261,0,0,0,0.003776791,0.004375624,0.003445,0.009550968,0.011699389,0,0.06888952,142,2
182,127.3010861,36.35091861,한밭대 입구,0.015956818,0.00113267,0.000295703,0,0,0,0,0.003521825,0.001191837,0.00086125,9.51E-05,0.006530875,0,0.029586119,221,0
183,127.3203491,36.35970241,현충원역 3번출구,0,0.001887784,0.005795781,0,0.003142105,0.19505,0,0.00046518,0.00506984,0.0017225,0.000602551,0.01730037,0,0.231036112,33,0
184,127.4157841,36.35259223,오정우체국(건너편),0.002815909,0.018374432,0.016914219,0.004213768,0.057605263,0,0,0.000395697,0.000400723,0.003445,0.002981044,0.001104235,0,0.10825029,90,3
185,127.4472925,36.35503496,비래동 산림조합,0.004693182,0.015228125,0.019989531,0.007584783,0.007331579,0,0,0.00127424,0.005031032,0.00689,0.012698506,0.003265437,0,0.083986415,117,3
186,127.3877834,36.36793207,한밭수목원2,0,0,0,0.005899275,0,0,0,0.026342736,0,0,0,0,0,0.032242012,212,0
187,127.3485211,36.34455915,양우건설 내안애,0,0,0,0,0,0,0,0.002026772,0.000935965,0.00258375,0.004994834,0.005328254,0.15919,0.175059575,60,1
188,127.3296901,36.2986558,구봉초등학교(건너편),0.003754545,0.001006818,0.002543047,0.000842754,0,0,0,0.001204169,0.003387097,0.00602875,0.023113659,0.00448462,0,0.046365459,181,4
189,127.3173048,36.29712522,샘물타운아파트(301동),0.007509091,0.004027273,0.012596953,0.000842754,0.003142105,0,0,0.001426749,0.001641109,0.00689,0.009117553,0,0,0.047193586,176,2
190,127.3190054,36.3045487,교촌제이파크(101동),0.003754545,0.008935511,0.006801172,0.004213768,0,0,0,0.000880898,0.001308813,0.0051675,0.009833744,0.005994291,0,0.046890242,180,2
191,127.4450054,36.3203105,신흥마을아파트(102동),0,0.005285795,0.026908984,0.002528261,0.001047368,0,0,0.001240088,0.002480758,0.0051675,0.007471108,0.005370069,0,0.057499932,157,3
192,127.4255389,36.31765613,보문산오거리,0,0.012333523,0.02554875,0.004213768,0,0,0,0.001084635,0.004598729,0.01119625,0.004389639,0.029815303,0,0.093180597,108,3
193,127.4420104,36.30991671,석교동주민센터,0,0.010068182,0.031758516,0.007584783,0.009426316,0,0,0.001344312,0.003806427,0.00430625,0.004801911,0.018240637,0,0.091337333,109,3
194,127.4488855,36.30501808,호동우체국(건너편),0.001877273,0.010949148,0.023833672,0.005056522,0.012568421,0,0,0.000381565,0.002172245,0.0017225,0.003966796,0.017990637,0,0.080518779,120,3
195,127.4093196,36.31149187,한밭도서관,0.007509091,0.005789205,0.018274453,0.002528261,0.002094737,0,0,0.001364921,0.003035429,0.0086125,0.007328399,0,0,0.056536995,159,3
196,127.4206184,36.37410739,대덕문화원,0.002815909,0.008432102,0.009344219,0.002528261,0.029326316,0,0,0.00083968,0.002776403,0.0051675,0.001065036,0.006625408,0,0.068920833,141,0
197,127.377505,36.32031574,농도원네거리,0,0.01271108,0.04542,0.010113043,0.001047368,0,0,0.001569836,0.004085983,0.00430625,0.009040913,0,0,0.088294473,112,3
198,127.3793274,36.31393135,도마네거리,0.002815909,0.018500284,0.036253203,0.00927029,0.004189474,0,0,0.001876619,0.012081771,0.0051675,0.002970472,0.004040912,0,0.097166434,100,3
199,127.3184478,36.36826175,노은1동주민센터,0.004693182,0.003272159,0.013010938,0,0,0.19505,0,0.002856441,0.003292766,0.00430625,0.009899813,0.013211609,0,0.249593158,22,2
200,127.3190971,36.3831307,지족역 2번출구(건너편),0.004693182,0.00113267,0.005440938,0,0,0.19505,0,0.0033175,0.000500168,0.003445,0.003480527,0.01294983,0,0.230009814,35,0
201,127.3079811,36.386792,노은3동주민센터,0,0.00440483,0.002720469,0.003371014,0,0,0,0.001619298,0.000746289,0.0017225,0.007381254,0,0,0.021965654,236,2
202,127.3458938,36.31964383,도안초등학교,0.002815909,0,0.002188203,0,0,0,0,0.002224621,0.002708092,0.00602875,0.013079064,0.015984761,0,0.0450294,184,4
203,127.3389452,36.3675018,죽동 금성백조,0.002815909,0.002894602,0.004672109,0,0,0,0,0.004243738,0.001526143,0.00258375,0.004172932,0.002997145,0,0.025906329,227,0
204,127.4658127,36.28516075,낭월 오투그란데(108동 맞은편),0.001877273,0.004908239,0.005795781,0,0.010473684,0,0,0.001223011,0.002544585,0.00430625,0.005475818,0.003312704,0,0.039917345,193,2
205,127.4603094,36.29521865,대성삼거리,0,0.006166761,0.003903281,0.003371014,0.008378947,0,0,0.000239656,0.001634603,0.00430625,0.002970472,0.015959285,0,0.046930272,178,0
206,127.4567505,36.33460846,대전대 후문,0.001877273,0.005663352,0.003193594,0,0,0,0,0.001545105,0.001338012,0.00258375,0.0021565,0.007415462,0,0.025773047,228,0
207,127.4425697,36.34355886,가양초등학교,0.001877273,0.01220767,0.037968281,0.005056522,0.011521053,0,0,0.001480921,0.001695197,0.0017225,0.005364821,0.011179875,0,0.090074113,111,3
208,127.4271154,36.37874059,회덕농협(건너편),0.000938636,0.003775568,0.004258125,0.002528261,0,0,0,0.000488734,0.004938407,0.0017225,0.006704705,0.002685034,0,0.028039971,224,2
209,127.4283452,36.37434734,동부평생교육원,0.002815909,0.002013636,0.002543047,0.000842754,0,0,0,0.000620044,0.007006742,0.00430625,0.01089878,0.002685034,0,0.033732196,205,2
210,127.4425499,36.4090809,읍내동우편취급국,0,0,0.000236563,0,0,0,0,0.000322093,0,0,1.59E-05,0,0.15919,0.159764512,73,1
211,127.4262369,36.44714911,석봉문화센터,0.005631818,0.017871023,0.018747578,0.005056522,0.012568421,0,0,0,0.000340643,0.00086125,0.007016552,0.002934452,0,0.071028259,134,3
212,127.4251273,36.44382989,대전광역시 대덕구보건소네거리(자연애마트),0.002815909,0.020136364,0.012182969,0.005899275,0.024089474,0,0,0.000335636,0.001595238,0.00430625,0.005711024,0,0,0.077072139,124,2
213,127.3206163,36.38726315,송림네거리,0.000938636,0.002139489,0.004376406,0,0,0,0,0.002431302,0.001411189,0.00602875,0.007597961,0.006474915,0,0.031398648,216,2
214,127.3091351,36.3942732,외삼네거리(603동),0.001877273,0.00113267,0.004612969,0.000842754,0,0,0,0.000734867,0.00049179,0.00258375,0.014223383,0,0,0.026499455,226,4
215,127.3166583,36.37917893,지족초등학교,0.000938636,0.000503409,0.003016172,0,0.001047368,0,0,0.001312514,0.000277805,0.0017225,0.012259806,0,0,0.021078211,241,4
216,127.341641,36.30434664,건양대학교병원,0.002815909,0.000125852,0.001241953,0,0,0,0,0.001735298,0.010914606,0.00602875,0.008034018,0.008081823,0,0.03897821,194,2
217,127.3789662,36.30051274,초록마을아파트3단지,0.001877273,0.009061364,0.005500078,0.004213768,0,0,0,0.00457643,0.002315463,0.003445,0.010909351,0,0.15919,0.201088727,48,5
218,127.4182584,36.31577388,충대병원입구(건너편),0.001877273,0.002894602,0.016855078,0.001685507,0.001047368,0,0,0.001097001,0.001856781,0.00430625,0.003004828,0.015917706,0,0.050542395,171,2
219,127.3996002,36.31307133,문화초등학교네거리,0,0.009816477,0.039505938,0.004213768,0.003142105,0,0,0.000951558,0.003178239,0.00602875,0.005298752,0.006937991,0,0.079073579,123,3
220,127.3882197,36.30912912,머티네거리,0.001877273,0.009313068,0.023123984,0.008427536,0.008378947,0,0,0.001882507,0.001820328,0.003445,0.004558777,0.003468995,0.15919,0.225486417,36,5
221,127.3686249,36.34948397,갈마중학교(서부장로교회),0.005631818,0.014347159,0.022296016,0.005899275,0.005236842,0,0,0.001661694,0.002879892,0.003445,0.014479732,0.022674395,0,0.098551823,98,3
222,127.3680119,36.34412614,갈마아파트 한마음동산,0.003754545,0.006796023,0.014607734,0.000842754,0.006284211,0,0,0.002074468,0.002204195,0.003445,0.01431588,0.013623787,0,0.067948597,145,4
223,127.4552954,36.35379179,가양비래공원네거리,0.002815909,0.00667017,0.009758203,0.001685507,0.005236842,0,0,0.00070778,0.003005964,0.003445,0.007037694,0.004791375,0,0.045154445,183,2
224,127.3638386,36.30707544,정림삼거리,0.000938636,0.01384375,0.00473125,0.005899275,0.003142105,0,0,0.002317657,0.00920463,0.00602875,0.006725847,0.012122735,0.15919,0.224144636,37,1
225,127.4520801,36.34904348,대전보건대,0.007509091,0.009061364,0.026849844,0.005899275,0.001047368,0,0,0.00129956,0.00686173,0.0051675,0.007114334,0.014374125,0,0.085184191,115,3
226,127.3189803,36.31264805,대정동 모다아울렛,0,0.003272159,0.00094625,0.001685507,0.003142105,0,0,0.001071681,0.001863966,0.00430625,0.001242101,0.002997145,0,0.020527165,243,0
227,127.3315108,36.36911799,죽동 대원칸타빌,0,0,0,0,0,0,0,0.002246996,0.001234622,0.003445,0.005975301,0.019817414,0,0.032719333,209,0
228,127.3051189,36.38050625,노은3지구 트리풀시티포레(105동),0,0.000755114,0,0,0,0,0,0.000869121,0.001405785,0.00430625,0.007949449,0,0,0.015285719,254,2
229,127.3300855,36.38989049,송림마을5단지(502동),0.004693182,0.000880966,0.004080703,0,0,0,0,0.001151762,0.000657505,0.0017225,0.005129615,0,0,0.018316233,248,0
230,127.3048534,36.38792222,노은3지구 꿈에그린(201동),0,0.002642898,0.003548438,0.000842754,0,0,0,0.001255397,0.001277141,0.0051675,0.010568434,0,0,0.02530256,230,2
231,127.3035473,36.35639624,덕명동 하우스토리(101동),0,0.000377557,0.001005391,0,0,0,0,0.001620475,0.001501328,0.0017225,0.004384354,0.006530875,0,0.017142479,251,0
232,127.3334139,36.36526385,온천2동주민센터,0,0.002642898,0.003962422,0.000842754,0.001047368,0,0,0.001055193,0.002029081,0.003445,0.003805588,0.013211609,0,0.032041913,214,0
233,127.3949641,36.43864973,대덕산업단지 BRT정류장,0,0,0,0,0.041894737,0,0,0.001768273,0.003610524,0.003445,0,0.01311365,0.15919,0.223022184,38,1
234,127.4231036,36.40082159,와동 현대아파트(대덕의원),0.003754545,0.008557955,0.008279688,0.001685507,0.002094737,0,0,0.000810238,0.006422304,0.0017225,0.005631741,0.005868904,0,0.044828118,185,2
235,127.450622,36.35796619,비래동 금성백조(102동),0.000938636,0.015228125,0.027914375,0.010113043,0.018852632,0,0,0.000601201,0.003688852,0.0051675,0.012505583,0.001597125,0,0.096607073,101,3
236,127.4481798,36.34890242,가양2동주민센터(건너편 한산아파트),0,0.013717898,0.032349922,0.003371014,0.004189474,0,0,0.000554683,0.003377136,0.0017225,0.008538787,0.007985625,0,0.075807038,126,3
237,127.3781332,36.32450701,변동네거리(복음천하교회),0.000938636,0.013466193,0.030989687,0.005056522,0.008378947,0,0,0.00179006,0.004786729,0.0051675,0.009143981,0,0,0.079718257,121,3
238,127.3768306,36.33065989,내동네거리(컨벤션웨딩홀),0,0.011578409,0.037554297,0.005899275,0.002094737,0,0,0.001512719,0.003813928,0.00689,0.007970592,0.016327187,0,0.093641143,105,3
239,127.3424984,36.29624676,느리울중네거리,0.000938636,0.001384375,0.002247344,0,0,0,0,0.002423058,0.004620687,0.00689,0.014580157,0.001331124,0,0.034415381,204,4
240,127.373075,36.30870043,서부경찰서,0.013140909,0.003523864,0.007274297,0,0.001047368,0,0,0.001104067,0.003766821,0.00430625,0.013626118,0.004040912,0,0.051830605,168,4
241,127.3848531,36.29650349,사정동 웰빙24시 사우나,0.002815909,0.009564773,0.005973203,0.000842754,0,0,0,0.001403195,0.00351482,0.0051675,0.00616558,0,0.15919,0.194637734,52,1
242,127.4046984,36.3221204,서대전역,0,0.009816477,0.004258125,0.007584783,0.002094737,0,0,0.002318834,0.010861427,0.003445,0.011778822,0.016163647,0,0.068321851,143,4
243,127.4325253,36.33839384,솔브릿지 국제대학,0.000938636,0.005159943,0.009935625,0.005056522,0.005236842,0,0,0.00170409,0.002087578,0.00258375,0.004508564,0.009701204,0,0.046912755,179,2
244,127.4459664,36.34013235,우송대 서문(건너편),0.005631818,0.007047727,0.037554297,0.002528261,0,0,0,0.001915482,0.003159837,0.0017225,0.006382287,0,0,0.06594221,147,3
245,127.4439067,36.31671378,천동초등학교,0.000938636,0.007551136,0.020344375,0.001685507,0.004189474,0,0,0.001046361,0.001939858,0.00602875,0.009498112,0.011367807,0,0.064590017,149,3
246,127.4523885,36.32643698,용방마을아파트(301동),0.000938636,0.005915057,0.007156016,0,0.001047368,0,0,0.001585145,0.002638292,0.003445,0.008068374,0,0,0.030793888,217,2
247,127.4126921,36.33167759,목동 한사랑아파트(109동),0.001877273,0.007047727,0.020699219,0.002528261,0.002094737,0,0,0.001271296,0.003718713,0.00430625,0.006643922,0.022858062,0,0.073045458,131,3
248,127.4541282,36.29886157,옥계동 새마을금고,0,0.008557955,0.022887422,0.002528261,0.005236842,0,0,0.000799639,0.003116199,0.003445,0.005116401,0.016459285,0,0.068147003,144,3
249,127.3342772,36.29598244,관저 금성백조(114동),0.001877273,0.000629261,0.003311875,0.001685507,0,0,0,0.00109229,0.002206118,0.00689,0.014120315,0.000443708,0,0.032256348,211,4
250,127.3069837,36.37442965,노은3지구 영무예다음(102동),0,0,0,0,0,0,0,0.001065792,0.000554652,0.00258375,0.004463637,0,0,0.008667832,261,0
251,127.3292906,36.29456137,관저 더샵(109동),0,0.000125852,0.000827969,0,0,0,0,0.001064615,0.001295679,0.0051675,0.019292214,0.000443708,0,0.028217537,223,4
252,127.3849018,36.35949495,대전정부청사 남문,0.007509091,0,0,0.001685507,0,0,0,0.004952107,0.000849079,0.00086125,0.000208779,0.006605805,0,0.022671618,235,0
253,127.3516,36.30835446,가수원파출소(건너편),0,0.000755114,0.003666719,0,0,0,0,0.003235063,0.002271535,0.0017225,0.007201546,0.002664127,0,0.021516602,237,2
254,127.3748243,36.30453728,대전과학기술대학교 정문,0.013140909,0.000503409,0.001064531,0.000842754,0,0,0,0.001793004,0.002325827,0.003445,0.00540182,0,0,0.028517255,222,0
255,127.4648416,36.32388886,용운국제수영장,0.001877273,0.001258523,0.008752813,0.002528261,0,0,0,0.000108346,0.000858652,0.00430625,0.001080893,0,0,0.020771009,242,0
256,127.3536595,36.3940276,신성동 수천이들 근린공원,0.007509091,0.002391193,0,0,0.008378947,0,0,0.002433657,0.000812738,0.0051675,0.000110996,0.002997145,0,0.029801269,220,0
257,127.4053133,36.42329574,대전테크노파크,0.008447727,0,0,0,0.0796,0,0,0.001201225,0.000387299,0.00258375,2.38E-05,0,0.15919,0.251433786,20,1
258,127.3546218,36.38271263,천문대입구,0.010325,0,0,0,0,0,0,0.00113763,0.000810246,0.0017225,0,0,0,0.013995376,256,0
259,127.3653638,36.39066792,대덕대학교,0.006570455,0,0,0,0,0,0,0.001732943,0.002001966,0.0017225,0,0,0,0.012027864,258,0
260,127.407324,36.35783016,오정농수산물 도매시장,0.000938636,0.017241761,0.004435547,0,0.025136842,0,0.074317895,0.002471932,0.006645668,0.00430625,0.00198472,0.013211609,0.15919,0.30988086,12,1
261,127.3328754,36.33295589,도로교통공단(건너편 라도무스),0,0.000503409,0.000591406,0,0,0,0,0.000941548,0.000109803,0.003445,0.000914398,0.005130132,0,0.011635696,259,0
262,127.3047223,36.39004218,반석 더샵,0,0.003775568,0.002247344,0.000842754,0,0,0,0.000680694,0.001039689,0.00430625,0.006696777,0,0,0.019589076,246,2
