연번,경도,위도,Station 스테이션/성명,업무건물,주거건물,기타건물,대전지하철역,사고량,타슈이용량,총이용승객,경제인구수,교통량,하천여부,sum,순위
133,127.4058257,36.32836534,오룡역 7번출구,0.024128409090909093,0.021508958333333335,0.005527894736842105,0.20263,0.20956,0.002948719150383612,0.006994895469315185,0.0057380546425636805,0.03500228018737713,0.0,0.5140392116107242,1
59,127.341248,36.35431465,유성온천역 6번출구,0.015612499999999998,0.0014422916666666668,0.0,0.20263,0.19853052631578946,0.006532155599228997,0.030834488921970583,0.008906339359079704,0.009221285162542956,0.0,0.4737095870252784,2
33,127.3618194,36.35819087,월평역 2번출구(육교밑),0.004257954545454545,0.011162083333333333,0.0,0.20263,0.0,0.011367147284477871,0.003717452007043618,0.005889056080525883,0.02055726412392138,0.16538,0.4249609573747567,3
38,127.3546054,36.35437198,갑천역 1번출구,0.002838636363636363,0.018624375000000002,0.0,0.20263,0.0,0.003115134736762538,0.0005482329562571739,0.005458015612161052,0.012191082977790792,0.16538,0.4107854776466079,4
19,127.3886308,36.35158499,현대아이텔(시청역 6번출구),0.05677272727272727,0.0008779166666666667,0.0,0.20263,0.07720631578947368,0.009008447031255907,0.013029761784184876,0.005504688783894824,0.0,0.0,0.3650298573282032,5
152,127.4318751,36.3323869,대전역(대한통운 맞은편),0.004257954545454545,0.006019999999999999,0.01105578947368421,0.20263,0.055147368421052625,0.005072237045995693,0.05353999999999999,0.0014249044782251438,0.002294210999624707,0.0,0.34144246496403685,6
12,127.381587,36.35797495,정부청사역 4번출구,0.031225,0.0,0.0,0.20263,0.06617684210526316,0.005900876639328773,0.02273742982806915,0.000941699876746097,0.010257291578761612,0.0,0.33986914002816876,7
257,127.4053133,36.42329574,대전테크노파크,0.012773863636363637,0.0,0.14003999999999997,0.0,0.0,0.0014028421331116069,0.0004023278468986088,2.4709326211996712e-05,0.0,0.16538,0.32002374294258584,8
260,127.407324,36.35783016,오정농수산물 도매시장,0.0014193181818181817,0.004703125,0.04422315789473684,0.0,0.07720631578947368,0.002886829056275747,0.006903552216031801,0.0020618559983566144,0.013724536554827136,0.16538,0.31850869069152,9
139,127.4110994,36.32267373,서대전네거리역 3번출구,0.018451136363636364,0.008528333333333332,0.0018426315789473683,0.20263,0.0,0.004441645753807778,0.01874010260685134,0.007110794987674609,0.049657433237628765,0.0,0.31140207786187957,10
110,127.3920897,36.33774157,용문네거리(용문역 3번출구),0.01987045454545455,0.019314166666666667,0.005527894736842105,0.20263,0.0,0.0063629893420008325,0.020944494091785632,0.009768420295809368,0.02679177704348275,0.0,0.3112101967220419,11
143,127.4260293,36.32777511,중앙로역 3번출구,0.03974090909090909,0.0029472916666666666,0.0,0.20263,0.0,0.0058396742129332175,0.04972052875606139,0.002377586277732128,0.007402044365100224,0.0,0.3106580343694027,12
136,127.4213773,36.32547931,대전광역시 중구청역 1번출구(대전광역시 중구청의회),0.06245,0.006584374999999999,0.009213157894736842,0.20263,0.0,0.001777621036320345,0.013627475547758639,0.0038793642152834835,0.005399337401714685,0.0,0.30556133109581396,13
140,127.420374,36.32674164,대전시민대학 정문,0.05109545454545455,0.013356875,0.0,0.20263,0.0,0.0020148663970671605,0.008214417830714891,0.006366769720624486,0.0035995582678097896,0.0,0.2872779417616709,14
153,127.4424076,36.32967211,대동역 4번출구,0.005677272727272727,0.024393541666666664,0.01105578947368421,0.20263,0.0,0.004642444725802185,0.014772574355533783,0.007281014790468365,0.008367834201311151,0.0,0.2788204719407391,15
53,127.3833495,36.34340231,탄방지하차도,0.02128977272727273,0.015488958333333334,0.0,0.20263,0.0,0.0016614051929400202,0.0077748653598516395,0.012005987058340179,0.0107167108173931,0.0,0.271567699489131,16
233,127.3949641,36.43864973,대덕산업단지 BRT정류장,0.0,0.0,0.07370526315789473,0.0,0.0,0.0020650661400657623,0.003750629778014692,0.0,0.013622774171790326,0.16538,0.2585237332477655,17
58,127.3311435,36.35642583,구암역 3번출구,0.0014193181818181817,0.0097825,0.007370526315789473,0.20263,0.0,0.002487981783136173,0.0022866068364655163,0.0030969022185702547,0.02814133588471466,0.0,0.25721517122049425,18
34,127.3658595,36.3576718,진달래아파트(107동),0.007096590909090907,0.0158025,0.0,0.20263,0.0,0.003977470047998791,0.0032810599356610575,0.015555893590797041,0.006862268277413568,0.0,0.25520578276096134,19
199,127.3184478,36.36826175,노은1동주민센터,0.007096590909090907,0.013795833333333334,0.0,0.20263,0.0,0.0033358760724139236,0.0034205414688393567,0.010284570665571077,0.013724536554827136,0.0,0.25428794900407575,20
117,127.4400819,36.35071589,동부네거리,0.00851590909090909,0.011224791666666666,0.009213157894736842,0.0,0.1764715789473684,0.002363513927208133,0.007595898103893246,0.002654879827444536,0.03407782438371353,0.0,0.2521175538419404,21
11,127.3713527,36.35890251,누리아파트(후문 버스정류장),0.002838636363636363,0.006584374999999999,0.0,0.20263,0.0,0.003761542386333573,0.004922662640713691,0.020151828266228432,0.010905901452201935,0.0,0.251794946109114,22
48,127.3848681,36.3464501,대전종합고용지원센터(탄방역 4번출구),0.031225,0.0010660416666666667,0.0,0.20263,0.0,0.004927139158698364,0.006264258643843175,0.005405851479046837,0.0,0.0,0.251518290948255,23
178,127.3184187,36.37446586,노은역 3번출구,0.012773863636363637,0.011601041666666666,0.0,0.20263,0.0,0.006442071128916438,0.003710771487816141,0.013979987674609696,0.0,0.0,0.2511377355943726,24
18,127.3848364,36.35016577,대전시청,0.034063636363636365,0.0,0.0,0.20263,0.0,0.005107308099323483,0.005559804314881928,0.0023720953163516843,0.0,0.0,0.24973284409419347,25
111,127.3968718,36.33586534,순복음교회(수침교),0.004257954545454545,0.019565,0.014741052631578946,0.0,0.0,0.0034369632261234363,0.0029298958730382685,0.004357077855382087,0.02679177704348275,0.16538,0.24145972117506004,26
35,127.3754149,36.35764378,갈마역 2번출구,0.007096590909090907,0.0017558333333333332,0.0,0.20263,0.0,0.005617557541857213,0.004196837073800699,0.013038287797863599,0.006862268277413568,0.0,0.24119737493335933,27
183,127.3203491,36.35970241,현충원역 3번출구,0.0,0.006145416666666666,0.005527894736842105,0.20263,0.0,0.0005432574927245928,0.005266574485828959,0.0006259695973705834,0.017972038882185078,0.0,0.23871115186161798,28
113,127.3880936,36.32861593,가장교(성은사),0.007096590909090907,0.02295125,0.014741052631578946,0.0,0.0,0.0029026454136588686,0.0010866892295679825,0.004027620172555465,0.0195142092640856,0.16538,0.23770005762053775,29
200,127.3190971,36.3831307,지족역 2번출구(건너편),0.007096590909090907,0.005769166666666667,0.0,0.20263,0.0,0.003874319891152349,0.0005195773829170065,0.0036157980690221855,0.013452593671557971,0.0,0.2369580465904071,30
179,127.3148534,36.39122773,반석역 1번출구,0.002838636363636363,0.006584374999999999,0.0,0.20263,0.0,0.00534180278922106,0.006085458400865467,0.0032451581758422346,0.006726296835778986,0.0,0.2334517275653441,31
96,127.4586627,36.31768775,판암역 4번출구,0.002838636363636363,0.002884583333333333,0.0018426315789473683,0.20263,0.0,0.0014757349106164256,0.011071386843378599,0.010325752875924403,0.0,0.0,0.2330687259058365,32
95,127.4590584,36.31688808,판암역 2번출구,0.0014193181818181817,0.004828541666666667,0.0,0.20263,0.0,0.0015568797006689596,0.00992761771587277,0.010575591618734592,0.0,0.0,0.23093794888376118,33
83,127.3985006,36.33017454,유평초등학교,0.0,0.023891875,0.014741052631578946,0.0,0.0,0.002100824861105862,0.0013105958244835193,0.011088996507806079,0.00535835540869655,0.16538,0.22387170023367095,34
51,127.3986132,36.34890444,남선공원종합체육관,0.0,0.034991249999999995,0.0,0.0,0.0,0.005087365735666503,0.004582258068192847,0.010237897493837304,0.0,0.16538,0.22027877129769663,35
220,127.3882197,36.30912912,머티네거리,0.002838636363636363,0.02451895833333333,0.014741052631578946,0.0,0.0,0.0021984736762538266,0.0018909659323705645,0.004735954190632703,0.0036036755996947116,0.16538,0.21990771672750042,36
45,127.3984212,36.35124975,청솔아파트(9동),0.0,0.021947916666666668,0.0,0.0,0.0,0.00569663932877282,0.005806835784046423,0.019446239728841415,0.0,0.16538,0.21827763150832732,37
114,127.3968706,36.32971015,태평동성당,0.0014193181818181817,0.033486249999999995,0.005527894736842105,0.0,0.0,0.00038096791261952456,0.0013105958244835193,0.008340770336894001,0.0,0.16538,0.21584579699265732,38
10,127.3806992,36.37036001,만년동 KBS 부근(기업은행),0.007096590909090907,0.0008152083333333333,0.0,0.0,0.0,0.005937323028081183,0.011964276779587951,0.004930883319638455,0.017017797473138366,0.16538,0.2131420798428702,39
37,127.3979866,36.35775141,수정타운아파트(13동),0.0,0.002445625,0.0,0.0,0.0,0.0028957687365357724,0.012893575545587052,0.019336420501232538,0.006862268277413568,0.16538,0.20981365806076893,40
31,127.3574348,36.36179992,대전광역시 유성구청,0.002838636363636363,0.009657083333333333,0.0,0.0,0.0,0.015978646963226123,0.0015384272244451985,0.005150521774856203,0.00878810817490291,0.16538,0.20933142383440012,41
224,127.3638386,36.30707544,정림삼거리,0.0014193181818181817,0.005016666666666667,0.005527894736842105,0.0,0.0,0.0027066601156506293,0.009561814323135156,0.006987248356614626,0.012593387629327168,0.16538,0.20919299001005454,42
29,127.3719715,36.36683291,만년동주민센터,0.004257954545454545,0.013106041666666669,0.0,0.0,0.0,0.007272773725386448,6.527638114386447e-05,0.006012602711585866,0.010834376203509593,0.16538,0.20692902523374698,43
65,127.3484913,36.35033664,도안 센트롤시티,0.0014193181818181817,6.270833333333333e-05,0.0,0.0,0.0,0.0002626890661022714,0.00335714719551631,0.006086730690221857,0.02520038235176101,0.16538,0.20176897581875297,44
90,127.3877922,36.31571033,유등교,0.0,0.008716458333333333,0.0,0.0,0.0,0.0034857876336974185,0.004144305067798482,0.010822684880854559,0.008395591752884778,0.16538,0.20094482766856858,45
60,127.3486959,36.35124465,유성온천역 3번출구,0.0014193181818181817,6.270833333333333e-05,0.0,0.0,0.0,0.006201387429608073,0.003116410831008476,0.004005656327033689,0.020316997145246433,0.16538,0.20050247824804818,46
145,127.3486079,36.34914905,도안 호반베르디움(201동),0.0,0.0,0.0,0.0,0.0,0.0015582550360935786,0.001289950450640144,0.006199295398520953,0.02520038235176101,0.16538,0.1996278832370157,47
61,127.3486959,36.35124465,만년교(코젤병원),0.0014193181818181817,6.270833333333333e-05,0.0,0.0,0.0,0.003441089232397294,0.003116410831008476,0.004005656327033689,0.020316997145246433,0.16538,0.1977421800508374,48
32,127.3543375,36.35846159,홈플러스(유성점),0.002838636363636363,0.0022574999999999995,0.0,0.0,0.0,0.011072825503609357,0.004521703015541479,0.002075583401807724,0.00878810817490291,0.16538,0.19693435645949783,49
39,127.352015,36.35149539,패션월드,0.0,0.006396249999999999,0.0,0.0,0.0,0.001030813900752107,0.0006638637510781444,0.0012876304437140509,0.01999113098974463,0.16538,0.19474968908528895,50
217,127.3789662,36.30051274,초록마을아파트3단지,0.002838636363636363,0.005831875,0.0,0.0,0.0,0.005344553460070298,0.002405314524276834,0.011333344289235827,0.0,0.16538,0.1931337236372193,51
17,127.3785428,36.35233826,타임월드,0.03832159090909091,0.00112875,0.0,0.0,0.07720631578947368,0.011627773347443214,0.05350472814319415,0.006042802999178307,0.0033950233013480416,0.0,0.19122698448972833,52
70,127.3517406,36.34129093,도안 휴먼시아10단지,0.0,0.0,0.0036852631578947366,0.0,0.0,0.0063939343890547645,0.0,2.1963845521774855e-05,0.012367845086612426,0.16538,0.1878490064790837,53
130,127.4365083,36.45392537,용정초등학교,0.005677272727272727,0.006709791666666666,0.005527894736842105,0.0,0.0,0.0010521315998337048,0.00040692070386749913,0.0030392471240755954,0.0,0.16538,0.1877932585585583,54
241,127.3848531,36.29650349,사정동 웰빙24시 사우나,0.004257954545454545,0.006333541666666666,0.0,0.0,0.0,0.0016387121584338033,0.0036512120894727127,0.006405206450287592,0.0,0.16538,0.18766662691031533,55
68,127.3488577,36.34165177,도안 신안인스빌리베라,0.0,0.0,0.0,0.0,0.0,0.0051313764692543186,0.001354976312312978,0.0033687048069022184,0.008302676276277277,0.16538,0.18353773386474678,56
23,127.3637352,36.36537028,카이스트 정문,0.011354545454545454,0.0,0.0,0.0,0.0,0.002958346498355947,0.0006876952187069319,0.0,0.0019258398974893415,0.16538,0.18230642706909767,57
2,127.3916887,36.37501699,대전컨벤션센터,0.0014193181818181817,0.0,0.0,0.0,0.0,0.007146930534033789,0.0018872531053383706,0.0013947041906327033,0.002763969486167961,0.16538,0.179992175497991,58
187,127.3485211,36.34455915,양우건설 내안애,0.0,0.0,0.0,0.0,0.0,0.0023669522657696817,0.0009722853377974427,0.00518895850451931,0.0055351175175181845,0.16538,0.17944331362560462,59
144,127.4064249,36.37923744,타슈 관제센터,0.0,0.0011914583333333332,0.0,0.0,0.0,0.003635699194980914,0.0002952725262782934,0.00018394720624486443,0.005527938972335922,0.16538,0.17621431623317332,60
104,127.3780548,36.37515731,국립중앙과학관,0.0,0.0,0.0,0.0,0.0,0.0014138448165085602,0.000992397554817856,0.0,0.008084832685005344,0.16538,0.17587107505633176,61
1,127.3893852,36.37512113,무역전시관입구(택시승강장),0.0,0.0,0.0,0.0,0.0,0.005130001133829699,0.0007307139083861741,0.0006259695973705834,0.002763969486167961,0.16538,0.1746306541257544,62
66,127.3974764,36.48786699,도안 휴먼시아6단지,0.0,0.0010033333333333333,0.0,0.0,0.0,0.004009790430477342,0.0,0.00015649239934264586,0.0,0.16538,0.1705496161631533,63
69,127.4013065,36.48389641,도안 트리풀시티9단지(504동 맞은편),0.0,0.0,0.0,0.0,0.0,0.0022012243471030654,0.0,0.0,0.0,0.16538,0.16758122434710307,64
67,127.4001877,36.47801527,도안 한라비발디,0.0,0.0001254166666666667,0.0,0.0,0.0,0.0019344092747269363,0.0,0.0,0.0,0.16538,0.16743982594139362,65
132,127.4566956,36.449494,삼정삼거리,0.0,0.0,0.0,0.0,0.0,0.0010761999697645414,9.037971685634452e-06,0.0,0.0,0.16538,0.16646523794145018,66
131,127.4444181,36.44876257,에코공원,0.0,0.0,0.0,0.0,0.0,0.0008272642579084621,4.657092730692948e-06,0.0,0.0,0.16538,0.16621192135063914,67
210,127.4425499,36.4090809,읍내동우편취급국,0.0,0.0002508333333333333,0.0,0.0,0.0,0.00037615423863335723,0.0,1.6472884141331143e-05,0.0,0.16538,0.16602346045610802,68
42,127.3677425,36.35350751,갈마네거리,0.004257954545454545,0.03091520833333333,0.0036852631578947366,0.0,0.06617684210526316,0.0030724993385993424,0.006151614811946027,0.012146006573541495,0.030227782337848928,0.0,0.15663317120388157,69
120,127.4322162,36.35296429,한국통신 용전지점,0.002838636363636363,0.03674708333333333,0.01105578947368421,0.0,0.06617684210526316,0.0016263341396122305,0.003200945093540778,0.014402791700903863,0.01952494646972602,0.0,0.15557336867969998,70
57,127.3418996,36.35660058,한진오피스텔,0.017031818181818183,0.0016931249999999998,0.0018426315789473683,0.0,0.07720631578947368,0.008005139838996183,0.027020933791694002,0.010679919884963024,0.011555039384936048,0.0,0.1550349234508285,71
155,127.4112282,36.35860845,오정동 운암빌딩,0.004257954545454545,0.012102708333333333,0.03869526315789474,0.0,0.07720631578947368,0.0032244739030197664,0.006697747258792254,0.005938474732949876,0.006862268277413568,0.0,0.15498520599833177,72
168,127.4354359,36.34098098,성남네거리,0.005677272727272727,0.018122708333333334,0.0036852631578947366,0.0,0.07720631578947368,0.001483986923164141,0.0074176695591955805,0.01103134141331142,0.025031326847415426,0.0,0.14965588475106104,73
14,127.3789164,36.3554342,둔산 하이마트,0.03264431818181818,0.0008152083333333333,0.0,0.0,0.06617684210526316,0.008447997845723573,0.02107189287816885,0.005680399548069022,0.010257291578761612,0.0,0.1450939504711377,74
134,127.4077718,36.32591348,중도일보,0.011354545454545454,0.015112708333333332,0.009213157894736842,0.0,0.06617684210526316,0.0015121812993688349,0.002953419009010403,0.010479499794576828,0.02679177704348275,0.0,0.1435941309343176,75
85,127.39657,36.32607466,태평1동주민센터,0.005677272727272727,0.032671041666666664,0.0018426315789473683,0.0,0.055147368421052625,0.0011387777315847159,0.0023987303586920617,0.01015827855382087,0.03392214638147732,0.0,0.14295624741951435,76
49,127.3898359,36.3474232,한국농어촌공사,0.03264431818181818,0.005894583333333333,0.0,0.0,0.07720631578947368,0.00514650515892513,0.00601048884326558,0.012615483771569432,0.0,0.0,0.13951769507838535,77
184,127.4157841,36.35259223,오정우체국(건너편),0.004257954545454545,0.017934583333333334,0.10134473684210525,0.0,0.0,0.0004621127026720587,0.00041627343078596657,0.0030969022185702547,0.0011471054998123534,0.0,0.12865966857273375,78
112,127.3853714,36.33185912,나르메아파트 길건너,0.00851590909090909,0.022888541666666668,0.0036852631578947366,0.0,0.055147368421052625,0.0042016497222117245,0.0072357924232275255,0.018221755341002465,0.005945350711494669,0.0,0.12584163053445951,79
15,127.3895027,36.35605057,둔산 홈플러스(법원 버스정류장),0.022709090909090908,0.0013795833333333334,0.0,0.0,0.07720631578947368,0.005783973128236139,0.002355698821860459,0.007544580936729664,0.006862268277413568,0.0,0.12384151119613775,80
173,127.3769153,36.35818314,무지개아파트,0.01987045454545455,0.0013795833333333334,0.0,0.0,0.06617684210526316,0.003232725915567482,0.013625041012386319,0.006737409613804437,0.010257291578761612,0.0,0.1212793481045709,81
8,127.3903194,36.36128606,정부청사 입구(샘머리),0.004257954545454545,0.0021947916666666665,0.0,0.0,0.07720631578947368,0.009542077176008164,0.006094901057850457,0.01827391947411668,0.0,0.0,0.1175699597095702,82
164,127.3921413,36.42899221,롯데마트(관평점),0.011354545454545454,0.0,0.10134473684210525,0.0,0.0,0.002355261914660418,0.0010998575607375283,0.0007110794987674609,0.0,0.0,0.1168654812708161,83
171,127.4284988,36.32366253,대흥네거리,0.011354545454545454,0.009719791666666667,0.009213157894736842,0.0,0.055147368421052625,0.002197098340829207,0.004060939896130988,0.013639548069022187,0.011103066547650337,0.0,0.11643551629063431,84
118,127.4348223,36.34883879,복합터미널,0.00851590909090909,0.02470708333333333,0.005527894736842105,0.0,0.0,0.0030456802978192673,0.03674772482186694,0.006344805875102711,0.02073081961181405,0.0,0.10561991776768748,85
154,127.4154155,36.34987449,한남오거리,0.00851590909090909,0.018749791666666668,0.06449210526315789,0.0,0.0,0.00307731301258551,0.00507253109657548,0.0035087243221035335,0.0011471054998123534,0.0,0.10456347995181052,86
119,127.4326996,36.34938521,용전동 천주교회,0.009935227272727273,0.028720416666666665,0.012898421052631578,0.0,0.0,0.0006498459881325825,0.017285278226392305,0.009068322719802792,0.024123034249961785,0.0,0.10268054617631499,87
115,127.4341009,36.35724301,한전 대전세종충남지역본부(건너편),0.004257954545454545,0.01768375,0.009213157894736842,0.0,0.0,0.0013100069919498095,0.0062035686960920195,0.0072755238290879215,0.055119999999999995,0.0,0.10106396195732113,88
166,127.4379807,36.32196956,인동네거리,0.011354545454545454,0.008841874999999999,0.029482105263157893,0.0,0.0,0.0020134910616425414,0.004525049698731397,0.007541835456039442,0.032626495506411564,0.0,0.09638539744052829,89
72,127.4294439,36.36981585,대덕경찰서(법동),0.015612499999999998,0.002320208333333333,0.0,0.0,0.0441178947368421,0.0008300149287577006,0.006096205043815052,0.01565473089564503,0.008367834201311151,0.0,0.09299938813970438,90
73,127.4284976,36.36857167,대전중앙병원,0.00851590909090909,0.007023333333333333,0.0,0.0,0.0441178947368421,0.0007839411920329567,0.0065617665746322005,0.016417974527526705,0.008367834201311151,0.0,0.09178865365658753,91
169,127.429812,36.33595351,삼성네거리,0.011354545454545454,0.011162083333333333,0.04790842105263158,0.0,0.0,0.0009297267470425942,0.006810217654132534,0.002523096754313887,0.01007784325527156,0.0,0.09076593425127095,92
121,127.433193,36.35786592,용전네거리(하나은행),0.002838636363636363,0.018310833333333332,0.005527894736842105,0.0,0.0,0.001840198798140519,0.007781173311660661,0.006501298274445357,0.04546845365548271,0.0,0.08826848847354105,93
167,127.4346135,36.32705794,원동네거리,0.004257954545454545,0.005706458333333333,0.036852631578947366,0.0,0.0,0.0021716546354737516,0.028737628102293945,0.002512114831552999,0.006882632998874121,0.0,0.08712107502593006,94
128,127.4259372,36.43186487,과선교버스정류장,0.0,0.0002508333333333333,0.07923315789473684,0.0,0.0,8.11447900525341e-05,0.0020200798135939137,0.0004008401807723911,0.003048379160590544,0.0,0.08503443517307956,95
221,127.3686249,36.34948397,갈마중학교(서부장로교회),0.00851590909090909,0.023641041666666668,0.009213157894736842,0.0,0.0,0.0019405982841377227,0.002991645710859167,0.015042488701725552,0.02355470469524419,0.0,0.08489954604427923,96
207,127.4425697,36.34355886,가양초등학교,0.002838636363636363,0.040258749999999996,0.020268947368421053,0.0,0.0,0.001729484296458672,0.001760978444786699,0.00557332580115037,0.011613921822710375,0.0,0.08404404409716353,97
64,127.3335173,36.34724494,유성생명과학고등학교,0.007096590909090907,0.007336874999999999,0.0018426315789473683,0.0,0.055147368421052625,0.0013973407914131296,0.00042028174232245264,0.008151332169268694,0.0024416926032572875,0.0,0.08383411321535246,98
235,127.450622,36.35796619,비래동 금성백조(102동),0.0014193181818181817,0.02959833333333333,0.03316736842105263,0.0,0.0,0.000702108734268113,0.0038319972174901233,0.012991614626129827,0.001659131688958625,0.0,0.08336987220305084,99
63,127.3363975,36.347651,상대초등학교,0.004257954545454545,0.006709791666666666,0.0,0.0,0.055147368421052625,0.0021152658830643632,0.00018259015292406488,0.009828820870994247,0.0024416926032572875,0.0,0.0806834841434138,100
142,127.4222919,36.332047,선화참좋은아파트(유안타증권),0.043998863636363635,0.011224791666666666,0.0036852631578947366,0.0,0.0,0.0023868946294266597,0.002923144694472809,0.007401815940838127,0.008959712139318527,0.0,0.08058048586498115,101
71,127.4290326,36.37247619,대전지방국세청,0.002838636363636363,0.002884583333333333,0.0,0.0,0.0441178947368421,0.001366395744359197,0.009216495714836407,0.014273754108463432,0.005578556134207434,0.0,0.08027631613567827,102
172,127.4338704,36.31343849,부사네거리,0.004257954545454545,0.028971249999999997,0.020268947368421053,0.0,0.0,0.0019632913186439396,0.010242360101553452,0.005090121199671322,0.009049627626894636,0.0,0.07984355216063894,103
193,127.4420104,36.30991671,석교동주민센터,0.0,0.03367437499999999,0.016583684210526313,0.0,0.0,0.0015699453872028422,0.003954135094981703,0.004988538414133114,0.01894881082110021,0.0,0.07971948892794417,104
56,127.3450501,36.36182478,충대정문오거리2(건너편),0.01987045454545455,0.005894583333333333,0.0018426315789473683,0.0,0.0,0.011026751766884614,0.01959466306399305,0.004788118323746919,0.01565037645231648,0.0,0.07866757906467631,105
170,127.4246745,36.3222077,대전고오거리,0.024128409090909093,0.010911249999999999,0.01105578947368421,0.0,0.0,0.0016063917759552516,0.006182531484101648,0.007942675636811832,0.016198012205144056,0.0,0.07802505966660608,106
196,127.4206184,36.37410739,대덕문화원,0.004257954545454545,0.009907916666666667,0.05159368421052631,0.0,0.0,0.0009806141577535054,0.002884140739906233,0.0011064287181594085,0.006882632998874121,0.0,0.0776133720373408,107
194,127.4488855,36.30501808,호동우체국(건너편),0.002838636363636363,0.02527145833333333,0.02211157894736842,0.0,0.0,0.00044560867757662795,0.0022565380763656905,0.0041209665160230075,0.01868910513798716,0.0,0.0757338920522906,108
156,127.4149132,36.33599349,중촌네거리(목동우체국 방면),0.015612499999999998,0.027967916666666665,0.007370526315789473,0.0,0.0,0.0015768220643259385,0.0054738632891661474,0.005993384346754314,0.010485451458845578,0.0,0.07448046414154812,109
238,127.3768306,36.33065989,내동네거리(컨벤션웨딩홀),0.0,0.039819791666666667,0.0036852631578947366,0.0,0.0,0.0017666183529233912,0.003961926892888367,0.00828036976170912,0.01696107319073866,0.0,0.07447504302282094,110
141,127.4191124,36.33067917,대전세무서,0.02696704545454546,0.024142708333333332,0.0018426315789473683,0.0,0.0,0.0012811249480328055,0.005179849783819186,0.006891156532456861,0.007300580450359902,0.0,0.07360509708149492,111
46,127.3772038,36.34705852,경성큰마을,0.011354545454545454,0.009343541666666667,0.0,0.0,0.0,0.006583730677652218,0.013196113136525228,0.020162810188989317,0.012148402011392634,0.0,0.07278914313577152,112
225,127.4520801,36.34904348,대전보건대,0.011354545454545454,0.02846958333333333,0.0018426315789473683,0.0,0.0,0.0015176826410673117,0.0071279983913464795,0.007390834018077239,0.014932185200627626,0.0,0.0726354606179448,113
198,127.3793274,36.31393135,도마네거리,0.004257954545454545,0.03844020833333333,0.007370526315789473,0.0,0.0,0.0021915969991307305,0.012550601542594103,0.0030859202958093673,0.004197795876442389,0.0,0.07209460390855395,114
135,127.4059384,36.32104442,서대전역네거리,0.002838636363636363,0.006019999999999999,0.0036852631578947366,0.0,0.0,0.002454286065233002,0.012235480165918787,0.010279079704190633,0.03358236701153911,0.0,0.07109511246841263,115
93,127.4006933,36.31898024,서대전육교,0.004257954545454545,0.024393541666666664,0.016583684210526313,0.0,0.0,0.0013767107600438416,0.004356379435389969,0.011514546014790468,0.008395591752884778,0.0,0.07087840838575658,116
55,127.3440513,36.36253674,충대정문오거리1(정문),0.02128977272727273,0.00489125,0.0,0.0,0.0,0.006744644922332666,0.017821942321948822,0.004131948438783895,0.01565037645231648,0.0,0.07052993486265459,117
151,127.447843,36.33697833,우송대 정문(건너편),0.02696704545454546,0.024769791666666666,0.0,0.0,0.0,0.004338495596961337,0.006543812679208357,0.00613614934264585,0.0,0.0,0.06875529474002767,118
192,127.4255389,36.31765613,보문산오거리,0.0,0.027089999999999996,0.0,0.0,0.0,0.0012666839260743038,0.004777181487383023,0.004560243426458505,0.030972851042288422,0.0,0.06866695988220425,119
62,127.3422972,36.35039508,도안휴먼시아1단지,0.002838636363636363,0.002571041666666667,0.0,0.0,0.0441178947368421,0.0016772215503231414,0.0035285603258867117,0.007481434880854561,0.006315872315971416,0.0,0.06853066184018096,120
122,127.4235985,36.35852073,한남대후문 입구,0.012773863636363637,0.02138354166666667,0.007370526315789473,0.0,0.0,0.006314852602139159,0.007253444410570896,0.006185567995069844,0.006862268277413568,0.0,0.06814406490401324,121
212,127.4251273,36.44382989,대전광역시 대덕구보건소네거리(자연애마트),0.004257954545454545,0.012917916666666668,0.04238052631578947,0.0,0.0,0.00039197059601647836,0.001657141335832697,0.0059329837715694335,0.0,0.0,0.0675384932313293,122
4,127.3795206,36.36798435,초원아파트(104동 버스정류장),0.017031818181818183,0.0019439583333333331,0.0,0.0,0.0,0.007385551230205224,0.011964276779587951,0.014471428718159408,0.014186718538459476,0.0,0.06698375178156357,123
222,127.3680119,36.34412614,갈마아파트 한마음동산,0.005677272727272727,0.015488958333333334,0.01105578947368421,0.0,0.0,0.00242265335046676,0.002289728694489126,0.0148722688989318,0.014152716111759276,0.0,0.06595938758993723,124
237,127.3781332,36.32450701,변동네거리(복음천하교회),0.0014193181818181817,0.03285916666666667,0.014741052631578946,0.0,0.0,0.002090509845421218,0.004972477473991654,0.009499363188167626,0.0,0.0,0.06558188798764429,125
197,127.377505,36.32031574,농도원네거리,0.0,0.048159999999999994,0.0018426315789473683,0.0,0.0,0.0018333221210174234,0.0042445385505153555,0.009392289441248971,0.0,0.0,0.06547278169172911,126
92,127.3947173,36.31804781,서대전농협,0.014193181818181817,0.026274791666666665,0.0036852631578947366,0.0,0.0,0.0008265765901961526,0.006750844539498334,0.00502697514379622,0.008395591752884778,0.0,0.0651532246691187,127
91,127.3925554,36.31687611,버드내네거리,0.00851590909090909,0.015677083333333335,0.01105578947368421,0.0,0.0,0.0006986703957065648,0.005523780899662995,0.006454625102711586,0.016791183505769556,0.0,0.06471704180177733,128
219,127.3996002,36.31307133,문화초등학교네거리,0.0,0.041889166666666665,0.005527894736842105,0.0,0.0,0.0011112710230923315,0.003301570414404647,0.005504688783894824,0.007207351199389423,0.0,0.06454194282429,129
123,127.405946,36.44679856,구)대덕경찰서(문평동),0.0014193181818181817,0.0,0.058964210526315786,0.0,0.0,0.0002097386522544314,0.0005356234762153114,0.0,0.0033950233013480416,0.0,0.06452391413795175,130
185,127.4472925,36.35503496,비래동 산림조합,0.007096590909090907,0.021195416666666668,0.012898421052631578,0.0,0.0,0.0014881129294379986,0.005226260121721608,0.013192034716516022,0.0033922146381477323,0.0,0.06448905103421251,131
247,127.4126921,36.33167759,목동 한사랑아파트(109동),0.002838636363636363,0.021947916666666668,0.0036852631578947366,0.0,0.0,0.0014846745908764507,0.0038630166668646286,0.0069021384552177475,0.02374550246703413,0.0,0.06446714836819073,132
116,127.4365121,36.35513468,홈플러스(동대전점),0.007096590909090907,0.015865208333333332,0.012898421052631578,0.0,0.0,0.0012577442458142787,0.0027750812635176743,0.007072358258011504,0.016513814621930856,0.0,0.06347921868433012,133
236,127.4481798,36.34890242,가양2동주민센터(건너편 한산아파트),0.0,0.03430145833333333,0.007370526315789473,0.0,0.0,0.0006477829849956537,0.0035081847422429075,0.00887064811010682,0.008295658444793125,0.0,0.06299425893126132,134
52,127.3811437,36.34356854,유승기업사,0.012773863636363637,0.020317500000000002,0.0,0.0,0.0,0.0016167067916398957,0.006865235584116514,0.010292807107641742,0.0107167108173931,0.0,0.06258282393715489,135
109,127.3879368,36.34239229,서부농협본점,0.014193181818181817,0.013356875,0.0036852631578947366,0.0,0.0,0.004727715522128577,0.005140042882230077,0.010699138249794576,0.0107167108173931,0.0,0.06251892744762289,136
211,127.4262369,36.44714911,석봉문화센터,0.00851590909090909,0.01987854166666667,0.02211157894736842,0.0,0.0,0.0,0.0003538619646185008,0.007289251232539031,0.003048379160590544,0.0,0.06119752206269226,137
181,127.4045795,36.39698253,(공사중)엑스포아파트4단지(건너편),0.012773863636363637,0.01737020833333333,0.0,0.0,0.0,0.004410700706753846,0.0045454188587990205,0.009922167214461791,0.01215360607399811,0.0,0.06117596482370974,138
244,127.4459664,36.34013235,우송대 서문(건너편),0.00851590909090909,0.039819791666666667,0.0,0.0,0.0,0.002236983068143165,0.0032824538516921754,0.006630335866885785,0.0,0.0,0.060485473544296876,139
248,127.4541282,36.29886157,옥계동 새마을금고,0.0,0.024268124999999995,0.009213157894736842,0.0,0.0,0.0009338527533164519,0.003237122674588037,0.005315250616269515,0.017098299729825156,0.0,0.060065808668735995,140
20,127.3920335,36.35126995,크로바아파트(정문 맞은편),0.028386363636363637,0.0026964583333333333,0.0,0.0,0.0,0.004071680524585207,0.003926706424691967,0.020942526705012326,0.0,0.0,0.06002373562398647,141
162,127.3868747,36.43172001,송강체육관,0.005677272727272727,0.009155416666666666,0.02211157894736842,0.0,0.0,0.0014351625155901587,0.003488515751978933,0.013757603738701725,0.0037944733714846478,0.0,0.05942002371906328,142
180,127.4018064,36.39937451,전민동주민센터(건너편),0.012773863636363637,0.017871875,0.0,0.0,0.0,0.0028930180656865337,0.0013069536567893083,0.01512485312243221,0.00864144544582737,0.0,0.05861200892709906,143
78,127.4315268,36.36313653,중리동(하나로병원),0.005677272727272727,0.039443541666666665,0.0,0.0,0.0,0.001018435881930534,0.00301441086484203,0.00653424404272802,0.002789278067103717,0.0,0.05847718325054369,144
125,127.4267654,36.443988,엑슬루타워,0.002838636363636363,0.012917916666666668,0.02579684210526316,0.0,0.0,0.001050756264409086,0.0026058457254723826,0.0071657046014790456,0.006096758321181088,0.0,0.058472460048107786,145
13,127.3943619,36.35832669,삼천중학교(정문 맞은편),0.004257954545454545,0.0028218749999999997,0.0,0.0,0.0,0.003240977928115197,0.016678179618019175,0.023775862777321282,0.006862268277413568,0.0,0.057637118146323774,146
41,127.3631712,36.35366969,대전일보,0.007096590909090907,0.022763125000000002,0.0,0.0,0.0,0.0023868946294266597,0.004318608807450004,0.009548781840591618,0.0107167108173931,0.0,0.05683071200395229,147
89,127.392131,36.31947462,버드내초등학교,0.00851590909090909,0.012039999999999999,0.0,0.0,0.0,0.0028778893760157223,0.005075730037513253,0.018639068405916188,0.008395591752884778,0.0,0.05554418866323903,148
245,127.4439067,36.31671378,천동초등학교,0.0014193181818181817,0.02157166666666667,0.007370526315789473,0.0,0.0,0.0012219855247741793,0.002015133659935109,0.009867257600657355,0.01180915070074821,0.0,0.05527503865038917,149
44,127.3829623,36.35446498,을지대학병원,0.045418181818181816,0.0,0.0,0.0,0.0,0.004151449979213123,0.0021467077708355003,0.002245803204601479,0.0,0.0,0.053962142772831914,150
240,127.373075,36.30870043,서부경찰서,0.01987045454545455,0.007713124999999999,0.0018426315789473683,0.0,0.0,0.0012893769605805208,0.003912992089547099,0.014155698438783896,0.004197795876442389,0.0,0.052982074489755816,151
50,127.3933793,36.34707504,한가람아파트,0.002838636363636363,0.02213604166666667,0.0,0.0,0.0,0.004047612154654371,0.003469752485956375,0.019256801561216105,0.0,0.0,0.05174884423212988,152
146,127.3529503,36.30300696,도안 호반베르디움(101동),0.0014193181818181817,0.014172083333333333,0.0,0.0,0.0,0.0011167723647908085,0.012513158517039333,0.011168615447822513,0.01116315051164387,0.0,0.05155309835644804,153
43,127.3742068,36.35409225,둔산여고,0.011354545454545454,0.010346874999999998,0.0,0.0,0.0,0.006336857968933067,0.0014960701631125237,0.016338355587510272,0.00535835540869655,0.0,0.05123105958279787,154
242,127.4046984,36.3221204,서대전역,0.0,0.004515,0.0036852631578947366,0.0,0.0,0.0027080354510752485,0.011282902359842402,0.012236607436318816,0.016791183505769556,0.0,0.05121899191090076,155
40,127.3593091,36.35382001,월평타운,0.005677272727272727,0.02326479166666667,0.0,0.0,0.0,0.0013093193242374997,0.004318608807450004,0.00977391125718981,0.00535835540869655,0.0,0.04970225919151327,156
157,127.4110782,36.3404982,중촌초등학교(건너편),0.0014193181818181817,0.021759791666666667,0.0,0.0,0.0,0.0029562834952190182,0.007010363440757266,0.010745811421528348,0.005551533273825168,0.0,0.04944310147981465,157
127,127.4290338,36.44845573,신탄진역,0.002838636363636363,0.017746458333333333,0.009213157894736842,0.0,0.0,0.0004435456744396992,0.008455873635754915,0.0038299455628594903,0.0064434024619385855,0.0,0.04897101992669922,158
36,127.3985771,36.35577392,가람아파트(3동),0.0014193181818181817,0.002445625,0.0,0.0,0.0,0.0027946815828262593,0.011171292723710277,0.02424808545603944,0.006862268277413568,0.0,0.04894127122180773,159
165,127.3877885,36.4219161,배울네거리,0.018451136363636364,0.004515,0.0,0.0,0.0,0.002679153407158245,0.010090121346081143,0.012884540879211174,0.0,0.0,0.04861995199608693,160
86,127.3969705,36.32346611,삼부프라자,0.005677272727272727,0.012855208333333333,0.0,0.0,0.0,0.0025498718772440383,0.004917902770764114,0.01553942070665571,0.006784429276295465,0.0,0.04832410569156539,161
129,127.4360213,36.44832273,신탄진고네거리,0.012773863636363637,0.017558333333333332,0.009213157894736842,0.0,0.0,8.320779318946295e-05,0.0017401403636579157,0.006583662695152013,0.0,0.0,0.0479523657164332,162
191,127.4450054,36.3203105,신흥마을아파트(102동),0.0,0.028532291666666664,0.0018426315789473683,0.0,0.0,0.0014482282021240408,0.0025770231391515283,0.007761473911257189,0.005578556134207434,0.0,0.04774020463235423,163
84,127.3969705,36.32346611,강남한의원,0.005677272727272727,0.012855208333333333,0.0,0.0,0.0,0.0017824347103065118,0.004917902770764114,0.01553942070665571,0.006784429276295465,0.0,0.04755666852462786,164
6,127.3755067,36.36150724,백합네거리(농협),0.02128977272727273,0.002320208333333333,0.0,0.0,0.0,0.004548921916928078,0.0035372963894918733,0.01579200493015612,0.0,0.0,0.04748820429718213,165
126,127.4291434,36.45164731,신탄진동주민센터,0.002838636363636363,0.014297500000000001,0.01105578947368421,0.0,0.0,0.0005913942325862655,0.008534832234162746,0.003083174815119145,0.0064434024619385855,0.0,0.046844729581127315,166
75,127.4304811,36.3668679,보람아파트,0.005677272727272727,0.021070000000000002,0.0,0.0,0.0,0.0005975832419970521,0.0038433541001768336,0.010073168652423994,0.005578556134207434,0.0,0.04683993485607804,167
195,127.4093196,36.31149187,한밭도서관,0.011354545454545454,0.019376875000000002,0.0036852631578947366,0.0,0.0,0.0015940137571336787,0.0031532179225214007,0.00761321795398521,0.0,0.0,0.04677713324608048,168
98,127.452866,36.30609303,은어송마을입구,0.0,0.009719791666666667,0.009213157894736842,0.0,0.0,0.002285807475717147,0.002669959439327619,0.004757918036154478,0.017725993863411404,0.0,0.046372628376014156,169
150,127.3513683,36.30469318,도안 우미린(1806동),0.002838636363636363,0.006835208333333333,0.0,0.0,0.0,0.0031907781851165957,0.013921309192972554,0.007912475349219392,0.01116315051164387,0.0,0.04586155793592211,170
218,127.4182584,36.31577388,충대병원입구(건너편),0.002838636363636363,0.017871875,0.0018426315789473683,0.0,0.0,0.0012811249480328055,0.0019288329139532333,0.0031216115447822513,0.01653569464397359,0.0,0.04542040699332561,171
74,127.4260109,36.3663983,(공사중)중리시장,0.005677272727272727,0.01906333333333333,0.0018426315789473683,0.0,0.0,0.00040984995653652826,0.002745417188717205,0.012239352917009038,0.002789278067103717,0.0,0.04476713576891991,172
138,127.4066224,36.31628004,센트럴파크(105동),0.00851590909090909,0.011977291666666667,0.0,0.0,0.0,0.0008004452171283873,0.007087459202072821,0.010188478841413311,0.005405513399542067,0.0,0.04397509741773234,173
189,127.3173048,36.29712522,샘물타운아파트(301동),0.011354545454545454,0.013356875,0.005527894736842105,0.0,0.0,0.0016662188669261876,0.0017047914239379112,0.009471908381265406,0.0,0.0,0.04308223386351706,174
202,127.3458938,36.31964383,도안초등학교,0.004257954545454545,0.002320208333333333,0.0,0.0,0.0,0.0025980086171057105,0.002813179493842833,0.01358738393590797,0.016605352552554555,0.0,0.042182087478198946,175
16,127.3944519,36.35412463,국화아파트(501동),0.002838636363636363,0.003950625,0.0,0.0,0.0,0.004495971503080237,0.004137573159961563,0.02673,0.0,0.0,0.04215280602667816,176
188,127.3296901,36.2986558,구봉초등학교(건너편),0.005677272727272727,0.0026964583333333333,0.0,0.0,0.0,0.0014062804716731547,0.0035185331234693163,0.024011974116680358,0.004658730415656062,0.0,0.04196924918808495,177
174,127.3529957,36.30471521,가수원네거리(전통시장 입구),0.0,0.005831875,0.0,0.0,0.0,0.004714649835594695,0.013921309192972554,0.0061608586688578475,0.01116315051164387,0.0,0.041791843209068966,178
76,127.4364651,36.36730143,선비마을입구,0.014193181818181817,0.007148749999999999,0.0,0.0,0.0,0.0008967186968517329,0.004966535666024908,0.014504374486442071,0.0,0.0,0.041709560667500534,179
7,127.3797876,36.36215763,정부청사 입구(대덕대로),0.018451136363636364,0.0005643749999999999,0.0,0.0,0.0,0.0029810395328621637,0.00799765425251181,0.004225294782251438,0.007396671935763393,0.0,0.04161617186702517,180
88,127.3954363,36.32159338,태평초등학교,0.002838636363636363,0.019502291666666668,0.0,0.0,0.0,0.0010053701953966516,0.004457974716257058,0.013510510476581757,0.0,0.0,0.041314783418538496,181
204,127.4658127,36.28516075,낭월 오투그란데(108동 맞은편),0.002838636363636363,0.006145416666666666,0.018426315789473686,0.0,0.0,0.0014282858384670623,0.0026433272924842356,0.005688635990139687,0.0034413164994370605,0.0,0.04061193444030477,182
205,127.4603094,36.29521865,대성삼거리,0.0,0.00413875,0.014741052631578946,0.0,0.0,0.0002798807589100117,0.0016980338217962713,0.0030859202958093673,0.01657888836359905,0.0,0.04052252587169365,183
243,127.4325253,36.33839384,솔브릿지 국제대학,0.0014193181818181817,0.010535,0.009213157894736842,0.0,0.0,0.0019901103594240147,0.002168586471305487,0.004683790057518488,0.01007784325527156,0.0,0.04008780622007457,184
223,127.4552954,36.35379179,가양비래공원네거리,0.004257954545454545,0.010346874999999998,0.009213157894736842,0.0,0.0,0.0008265765901961526,0.003122609582022433,0.007311215078060805,0.0049773950668758745,0.0,0.04005578375734665,185
161,127.3491091,36.3848179,연구단지 KT_G(건너편),0.017031818181818183,0.0052047916666666675,0.0,0.0,0.0,0.002109076873653577,0.002381701458238176,0.010759538824979457,0.002354195474186077,0.0,0.039841122479542135,186
47,127.3825863,36.34879652,오페라웨딩홀,0.025547727272727274,0.0012541666666666667,0.0,0.0,0.0,0.003480286291998942,0.0003412396374242779,0.008648264174198849,0.0,0.0,0.03927168404301601,187
234,127.4231036,36.40082159,와동 현대아파트(대덕의원),0.005677272727272727,0.008779166666666666,0.0036852631578947366,0.0,0.0,0.0009462307721380249,0.006671519797248227,0.005850619350862777,0.006096758321181088,0.0,0.03770683079326425,188
87,127.3984692,36.32253597,쌍용예가아파트,0.002838636363636363,0.012102708333333333,0.0,0.0,0.0,0.0018326344533051136,0.0018312395210464498,0.018828506573541494,0.0,0.0,0.037433725244862756,189
9,127.3735828,36.3616216,(운영중지)황실아파트(성룡초등학교),0.007096590909090907,0.003260833333333333,0.0,0.0,0.0,0.00012653085906496846,0.005201272410380374,0.02121982025472473,0.0,0.0,0.03690504776659431,190
182,127.3010861,36.35091861,한밭대 입구,0.024128409090909093,0.00031354166666666667,0.0,0.0,0.0,0.004112940587323784,0.0012380864965606752,9.883730484798685e-05,0.006784429276295465,0.0,0.03667624442260367,191
3,127.3877834,36.36793207,한밭수목원1,0.0,0.0,0.0,0.0,0.0,0.03639,0.0,0.0,0.0,0.0,0.03639,192
176,127.3352506,36.2992273,관저2동주민센터,0.002838636363636363,0.009029999999999998,0.0,0.0,0.0,0.002215665369061567,0.0027549754700734413,0.007050394412489729,0.012269771465598907,0.0,0.036159443080860006,193
159,127.3768531,36.38538863,연구단지네거리,0.004257954545454545,0.006019999999999999,0.0,0.0,0.0,0.003287051664839941,0.0027697753895927746,0.00660837202136401,0.01281180519809235,0.0,0.035754958819343624,194
216,127.341641,36.30434664,건양대학교병원,0.004257954545454545,0.0013168750000000001,0.0,0.0,0.0,0.002026556748176424,0.01133814511499269,0.008346261298274444,0.008395591752884778,0.0,0.03568138445978288,195
137,127.411517,36.31868609,센트럴파크(302동),0.009935227272727273,0.004515,0.0,0.0,0.0,0.001001244189122794,0.0035041250420969794,0.012203661668036154,0.0036036755996947116,0.0,0.03476293377167791,196
21,127.3588443,36.37339707,카이스트 학사식당,0.031225,0.0,0.0,0.0,0.0,0.0033104323670584677,0.0,2.1963845521774855e-05,0.0,0.0,0.03455739621258024,197
54,127.338703,36.36480356,궁동네거리,0.002838636363636363,0.007086041666666667,0.0018426315789473683,0.0,0.0,0.0033922648248233115,0.0016351084695343842,0.0074786894001643385,0.009975774750905013,0.0,0.034249147054677444,198
124,127.4131945,36.44827215,목상동주민센터,0.0,0.010973958333333332,0.005527894736842105,0.0,0.0,0.0011023313428323066,0.0028775180328643782,0.009999040673788004,0.0033950233013480416,0.0,0.03387576642100817,199
177,127.3373255,36.30380243,관저1동주민센터,0.002838636363636363,0.004389583333333333,0.0,0.0,0.0,0.001473671907479497,0.0035907919319211295,0.013400691248972883,0.008071975589156517,0.0,0.03376535037449972,200
105,127.3638958,36.36885477,카이스트 서쪽 쪽문,0.028386363636363637,0.0,0.0,0.0,0.0,0.00503991666351714,0.0,0.0,0.0,0.0,0.033426280299880776,201
256,127.3536595,36.3940276,신성동 수천이들 근린공원,0.011354545454545454,0.0,0.014741052631578946,0.0,0.0,0.002842130654975623,0.0008442763116770992,0.00011531018898931799,0.003113506473491445,0.0,0.03301082171525788,202
175,127.3389221,36.3033914,건양대네거리,0.0014193181818181817,0.005518333333333333,0.0,0.0,0.0,0.002199849011678446,0.006281878513305645,0.012969650780608053,0.004197795876442389,0.0,0.03258682569718605,203
190,127.3190054,36.3045487,교촌제이파크(101동),0.005677272727272727,0.007211458333333333,0.0,0.0,0.0,0.0010287508976151783,0.0013596012871627697,0.01021593364831553,0.00622701294698289,0.0,0.03172002984068243,204
102,127.4577541,36.30373888,은어송마을2단지,0.0014193181818181817,0.0030099999999999997,0.005527894736842105,0.0,0.0,0.0007007333988434936,0.0031265857756780178,0.010965449876746096,0.006882632998874121,0.0,0.031632614968802014,205
22,127.3638958,36.36885477,카이스트 창의학습관,0.028386363636363637,0.0,0.0,0.0,0.0,0.0030216119278884315,0.0,0.0,0.0,0.0,0.031407975564252066,206
108,127.3375506,36.33164622,목원대학교 입구,0.00851590909090909,0.0015049999999999998,0.0,0.0,0.0,0.00739242790732832,0.005857048879047563,0.0013178307313064914,0.006784429276295465,0.0,0.03137264588488693,207
107,127.3638958,36.36885477,카이스트 세종관,0.028386363636363637,0.0,0.0,0.0,0.0,0.002876514040591103,0.0,0.0,0.0,0.0,0.03126287767695474,208
254,127.3748243,36.30453728,대전과학기술대학교 정문,0.01987045454545455,0.00112875,0.0,0.0,0.0,0.0020939481839827656,0.0024160804379549606,0.005611762530813475,0.0,0.0,0.031120995698205752,209
149,127.338903,36.34552398,도안 트리풀시티5단지(509동),0.0,0.006584374999999999,0.0,0.0,0.0,0.0018938368797006692,0.0038232161888517,0.012969650780608053,0.005811269569071193,0.0,0.031082348418231615,210
79,127.4347898,36.36225181,수도시설관리사업소,0.002838636363636363,0.0218225,0.0,0.0,0.0,0.0009606717940965267,0.0006098286282497458,0.004609662078882497,0.0,0.0,0.030841298864865137,211
186,127.3877834,36.36793207,한밭수목원2,0.0,0.0,0.0,0.0,0.0,0.030764190445595075,0.0,0.0,0.0,0.0,0.030764190445595075,212
77,127.4411249,36.36838789,선비마을3단지,0.0014193181818181817,0.0025083333333333333,0.0,0.0,0.0,0.0007440564647189993,0.0020862554954030155,0.024003737674609695,0.0,0.0,0.030761701149883226,213
227,127.3315108,36.36911799,죽동 대원칸타빌,0.0,0.0,0.0,0.0,0.0,0.002624139990173476,0.0012825312201519366,0.0062075318405916185,0.020586804832240707,0.0,0.030701007883157737,214
106,127.3638958,36.36885477,카이스트 다솜관,0.028386363636363637,0.0,0.0,0.0,0.0,0.0017150432745001703,0.0,0.0,0.0,0.0,0.030101406910863805,215
209,127.4283452,36.37434734,동부평생교육원,0.004257954545454545,0.0026964583333333333,0.0,0.0,0.0,0.0007241141010620205,0.0072786376763499016,0.011322362366474938,0.002789278067103717,0.0,0.029068805089778455,216
239,127.3424984,36.29624676,느리울중네거리,0.0014193181818181817,0.0023829166666666664,0.0,0.0,0.0,0.0028297526361540496,0.004799991606399149,0.015146816967953987,0.001382803617641019,0.0,0.027961599676633055,217
163,127.3822896,36.4321702,송강초등학교,0.0,0.0038252083333333332,0.0,0.0,0.0,0.001701289920253978,0.0036348897823986572,0.01824371918652424,0.00039945007013660635,0.0,0.027804557292646817,218
232,127.3334139,36.36526385,온천2동주민센터,0.0,0.004201458333333333,0.0018426315789473683,0.0,0.0,0.0012323005404588233,0.002107819440640169,0.003953492193919474,0.013724536554827136,0.0,0.027062238642126306,219
81,127.4410948,36.36480928,동춘당공원,0.0014193181818181817,0.011224791666666666,0.0,0.0,0.0,0.0020795071620242638,0.0037742942326627928,0.008370970624486442,0.0,0.0,0.026868881867658345,220
97,127.4556315,36.31044731,가오고등학교,0.00851590909090909,0.008591041666666667,0.0,0.0,0.0,0.0012598072489512077,0.0021668906471938964,0.005057175431388661,0.0,0.0,0.02559082408510952,221
25,127.3662211,36.37510824,카이스트 후문,0.022709090909090908,0.0,0.0,0.0,0.0,0.0022459227484031897,0.0005289301098354741,0.0,0.0,0.0,0.025483943767329573,222
30,127.3610523,36.35149094,선사유적지공용주차장,0.0,0.004953958333333334,0.0,0.0,0.0,0.00836685305567104,0.0025746014509315683,0.0038958370994248153,0.00535835540869655,0.0,0.025149605348057307,223
252,127.3849018,36.35949495,대전정부청사 남문,0.011354545454545454,0.0,0.0,0.0,0.0,0.00578328546052383,0.0008820276688885232,0.0002168929745275267,0.006862268277413568,0.0,0.025099019835898902,224
249,127.3342772,36.29598244,관저 금성백조(114동),0.002838636363636363,0.003511666666666667,0.0,0.0,0.0,0.001275623606334329,0.0022917264266811882,0.014669103327855381,0.000460934539213673,0.0,0.0250476909303876,225
213,127.3206163,36.38726315,송림네거리,0.0014193181818181817,0.004640416666666667,0.0,0.0,0.0,0.002839379984126384,0.0014659500144032559,0.007893256984387838,0.006726296835778986,0.0,0.02498461866718131,226
251,127.3292906,36.29456137,관저 더샵(109동),0.0,0.0008779166666666667,0.0,0.0,0.0,0.001243303223855777,0.0013459576113558842,0.020042009038619555,0.000460934539213673,0.0,0.023970121079711557,227
214,127.3091351,36.3942732,외삼네거리(603동),0.002838636363636363,0.00489125,0.0,0.0,0.0,0.0008582093049623947,0.000510873437192746,0.014776177074774034,0.0,0.0,0.023875146180565535,228
246,127.4523885,36.32643698,용방마을아파트(301동),0.0014193181818181817,0.007587708333333333,0.0018426315789473683,0.0,0.0,0.001851201481537473,0.0027406701659199884,0.008381952547247329,0.0,0.0,0.023823482288803675,229
160,127.3537413,36.38540912,연구단지운동장(건너편),0.007096590909090907,0.003135416666666667,0.0,0.0,0.0,0.003593751464530028,0.001686587009043037,0.005526652629416598,0.002354195474186077,0.0,0.023393194152933314,230
203,127.3389452,36.3675018,죽동 금성백조,0.004257954545454545,0.004953958333333334,0.0,0.0,0.0,0.004956021202615368,0.0015853642955944033,0.0043351140098603115,0.003113506473491445,0.0,0.023201918860349405,231
80,127.4411072,36.3635499,송촌소방서,0.0014193181818181817,0.014548333333333333,0.0,0.0,0.0,0.0007344291167466647,0.001641210866905637,0.004730463229252259,0.0,0.0,0.02307375472805608,232
148,127.3446819,36.3481628,도안 금성백조(701동),0.0,0.0005016666666666666,0.0,0.0,0.0,0.002247298083827809,0.0004680859962559932,0.01379878594905505,0.005209251362016379,0.0,0.0222250880578219,233
24,127.3694198,36.3775389,화폐박물관,0.015612499999999998,0.0001254166666666667,0.0,0.0,0.0,0.0025594992252163723,0.0,0.0,0.0033950233013480416,0.0,0.021692439193231078,234
100,127.4570659,36.30740007,홈플러스 가오점,0.0,0.006521666666666666,0.0,0.0,0.0,0.0013732724214822933,0.0035553273678298808,0.007890511503697616,0.002294210999624707,0.0,0.02163498895930116,235
208,127.4271154,36.37874059,회덕농협(건너편),0.0014193181818181817,0.004515,0.0,0.0,0.0,0.0005707642012169773,0.005130041374117402,0.006965284511092851,0.002789278067103717,0.0,0.02138968633534913,236
99,127.4569641,36.30627193,홈플러스 가오점(건너편),0.0,0.00564375,0.0,0.0,0.0,0.0009345404210287615,0.0030367327920684545,0.00805524034511093,0.0034413164994370605,0.0,0.021111580057645206,237
215,127.3166583,36.37917893,지족초등학교,0.0014193181818181817,0.003198125,0.0018426315789473683,0.0,0.0,0.0015328113307381231,0.0002885855834746364,0.012736284921939194,0.0,0.0,0.021017756596917504,238
253,127.3516,36.30835446,가수원파출소(건너편),0.0,0.003887916666666667,0.0,0.0,0.0,0.003778046411429003,0.002359681439092224,0.007481434880854561,0.0027675587587590923,0.0,0.02027463815680155,239
82,127.4463403,36.36715627,선비마을5단지,0.0,0.003072708333333333,0.0,0.0,0.0,0.0009235377376318076,0.0015218158564430304,0.01459222986852917,0.0,0.0,0.020110291795937343,240
206,127.4567505,36.33460846,대전대 후문,0.002838636363636363,0.00338625,0.0,0.0,0.0,0.0018044400771004196,0.0013899334138859861,0.0022403122432210353,0.007703359589957366,0.0,0.01936293168780117,241
229,127.3300855,36.38989049,송림마을5단지(502동),0.007096590909090907,0.004326875,0.0,0.0,0.0,0.0013450780452775991,0.0006830188552476982,0.005328978019720624,0.0,0.0,0.018780540829336827,242
94,127.4539451,36.31709479,미리내아파트,0.0,0.0053302083333333335,0.007370526315789473,0.0,0.0,0.0008403299444423448,0.002722144572216101,0.0022375667625308135,0.0,0.0,0.018500775928312063,243
258,127.3546218,36.38271263,천문대입구,0.015612499999999998,0.0,0.0,0.0,0.0,0.0013285740201821688,0.000841687610476452,0.0,0.0,0.0,0.017782761630658617,244
230,127.3048534,36.38792222,노은3지구 꿈에그린(201동),0.0,0.0037625000000000002,0.0,0.0,0.0,0.0014661075626440907,0.0013266997299674465,0.010979177280197205,0.0,0.0,0.01753448457280874,245
231,127.3035473,36.35639624,덕명동 하우스토리(101동),0.0,0.0010660416666666667,0.0,0.0,0.0,0.0018924615442760498,0.001559586484382995,0.004554752465078061,0.006784429276295465,0.0,0.015857271436699235,246
103,127.459359,36.30412568,대전남부여성가족원,0.0014193181818181817,0.0019439583333333331,0.0,0.0,0.0,0.0004683017120828452,0.0022016229236005956,0.008651009654889071,0.0011471054998123534,0.0,0.01583131630553638,247
158,127.3682083,36.3839662,전자통신연구원,0.009935227272727273,0.0,0.0,0.0,0.0,0.0012323005404588233,0.0008528903273348361,0.0,0.002354195474186077,0.0,0.01437461361470701,248
255,127.4648416,36.32388886,용운국제수영장,0.002838636363636363,0.009280833333333332,0.0,0.0,0.0,0.00012653085906496846,0.0008919713648155752,0.0011229016023007396,0.0,0.0,0.014260873523150978,249
26,127.3784689,36.37819751,엑스포과학공원 주차장,0.004257954545454545,0.0,0.0,0.0,0.0,0.0017741826977587967,0.0010286201008983767,0.000307493837304848,0.006790046602696083,0.0,0.01415829778411265,250
226,127.3189803,36.31264805,대정동 모다아울렛,0.0,0.0010033333333333333,0.005527894736842105,0.0,0.0,0.0012515552364034924,0.0019362971094747025,0.0012903759244042728,0.003113506473491445,0.0,0.014122962813949352,251
259,127.3653638,36.39066792,대덕대학교,0.009935227272727273,0.0,0.0,0.0,0.0,0.0020238060773271854,0.002079652059089702,0.0,0.0,0.0,0.01403868540914416,252
101,127.4618364,36.30986522,은어송마을4단지,0.0014193181818181817,0.002320208333333333,0.0018426315789473683,0.0,0.0,0.0002613137306776522,0.0011984466079522527,0.006970775472473294,0.0,0.0,0.014012693905202083,253
201,127.3079811,36.386792,노은3동주민센터,0.0,0.002884583333333333,0.0,0.0,0.0,0.0018910862088514307,0.0007752485620439593,0.007668127567789647,0.0,0.0,0.01321904567201837,254
5,127.3889145,36.36452489,둔산대공원 입구(버스정류장),0.0,0.0005643749999999999,0.0,0.0,0.0,0.006080357912241582,0.0005612085801413114,0.001993218981101068,0.004001648634415351,0.0,0.013200809107899312,255
262,127.3047223,36.39004218,반석 더샵,0.0,0.0023829166666666664,0.0,0.0,0.0,0.0007949438754299104,0.001080034404645227,0.006957048069022186,0.0,0.0,0.011214943015763989,256
228,127.3051189,36.38050625,노은3지구 트리풀시티포레(105동),0.0,0.0,0.0,0.0,0.0,0.001014997543368986,0.001460335808821703,0.008258405916187346,0.0,0.0,0.010733739268378036,257
28,127.3917054,36.37761383,스마트시티(201동),0.0014193181818181817,6.270833333333333e-05,0.0,0.0,0.0,0.0022713664537586456,0.0010541345454863939,0.005296032251437962,0.0,0.0,0.010103559765834515,258
261,127.3328754,36.33295589,도로교통공단(건너편 라도무스),0.0,0.0006270833333333333,0.0,0.0,0.0,0.001099580671983068,0.00011406344223298575,0.0009499363188167626,0.005329304494504797,0.0,0.008119968260870948,259
250,127.3069837,36.37442965,노은3지구 영무예다음(102동),0.0,0.0,0.0,0.0,0.0,0.0012446785592803962,0.0005761755126413316,0.0046371168857847166,0.0,0.0,0.006457970957706444,260
147,127.3440635,36.31517337,도안 계룡리슈빌(1704동),0.0,0.0,0.0,0.0,0.0,0.0011958541517064138,3.7783475092325405e-05,0.0051752311010682004,0.0,0.0,0.00640886872786694,261
27,127.3843117,36.37735659,엑스포과학공원,0.0,0.0,0.0,0.0,0.0,0.0021331452435844134,0.0,0.0,0.0,0.0,0.0021331452435844134,262
